SEARCHED_VIN,VIN_STAR,MODEL_CODE,PROD_FROM,PROD_TO,FRAME_SHORT,MARKET,YEAR_MONTH,MAKE,MODEL_NAME,CHARS_BOTTOM,DESTINATION,ENGINE,TRANSMISSION,COLOR_CODE,TRIM_CODE,GRADE,AdditionalErrorText,AirBagLocFront,DisplacementCC,DisplacementCI,DisplacementL,Doors,EngineConfiguration,EngineCylinders,EngineHP,EngineHP_to,EngineManufacturer,EngineModel,Make,Manufacturer,Model,ModelYear,PlantCity,PlantCompanyName,PlantCountry,PlantState,PossibleValues,Series,SuggestedVIN,TransmissionSpeeds,TransmissionStyle,Trim,VIN
1G1FP87H2FL107860,,,,,,,,,,,,,,,,,,,,,,,,,,,,,,,,,,,,,,,,,,,
6T1MPAAAMXAWH007,,,,,,,,,,,,,,,,,,,,,,,,,,,,,,,,,,,,,,,,,,,
6T91MPR04M1JPL029,,,,,,,,,,,,,,,,,"The Model Year decoded for this VIN may be incorrect. If you know the Model year, please enter it and decode again to get more accurate information.",,,,,,,,,,,,,,,,,,,,,,,,,,6T91MPR04M1JPL029
6T91MPR10VYJPL007,,,,,,,,,,,,,,,,,"The Model Year decoded for this VIN may be incorrect. If you know the Model year, please enter it and decode again to get more accurate information.",,,,,,,,,,,,,,,,,,,,,,,,,,6T91MPR10VYJPL007
6T91MPRO7RYJPL006,,,,,,,,,,,,,,,,,,,,,,,,,,,,,,,,,,,,,,,,,,,
6T91MPV97P1YRH001,,,,,,,,,,,,,,,,,"The Model Year decoded for this VIN may be incorrect. If you know the Model year, please enter it and decode again to get more accurate information.",,,,,,,,,,,,,,,,,,,,,,,,,,6T91MPV97P1YRH001
6U900JZZ301001402,,,,,,,,,,,,,,,,,,,,,,,,,,,,,,,,,,,,,,,,,,,
JT8CD32C0V0038459,,,,,,,,,,,,,,,,,"Unused position(s): 6,8,11.",1st Row (Driver and Passenger),2997.0,182.89,3.0,2.0,In-Line,6.0,225.0,227.0,Toyota,2JZ-GE,LEXUS,TOYOTA MOTOR CORPORATION,,1997.0,,,,,(8:Z),,JT8CD32Z0V0038459,,,,JT8CD32C0V0038459
JT8CD32Z0V0039546,JT8CD32Z..,JZZ31L-ACPVFA,08/1996 -,Jun-00,JZZ31,N. America,Jan-97,LEXUS,SC300/400,,USA: UNITED STATES OF AMERICA,2JZGE: 3000CC 24-VALVE DOHC EFI,"ATM: AUTOMATIC TRANSMISSION GEAR SHIFT TYPE: 4FC: ATM, 4-SPEED FLOOR SHIFT",6P2,LD07,,,1st Row (Driver and Passenger),2997.0,182.89,3.0,2.0,In-Line,6.0,225.0,227.0,Toyota,2JZ-GE,LEXUS,TOYOTA MOTOR CORPORATION,SC,1997.0,TOYOTA CITY,Toyota Motor Corporation - Motomachi Plant,JAPAN,AICHI,,JZZ31L,,,,300.0,JT8CD32Z0V0039546
JT8CD32Z1V0040561,JT8CD32Z..,JZZ31L-ACMVFA,08/1996 -,Aug-97,JZZ31,N. America,Mar-97,LEXUS,SC300/400,,USA: UNITED STATES OF AMERICA,2JZGE: 3000CC 24-VALVE DOHC EFI,"MTM: MANUAL TRANSMISSION GEAR SHIFT TYPE: 5F: MTM, 5-SPEED FLOOR SHIFT",51,LD21,,,1st Row (Driver and Passenger),2997.0,182.89,3.0,2.0,In-Line,6.0,225.0,227.0,Toyota,2JZ-GE,LEXUS,TOYOTA MOTOR CORPORATION,SC,1997.0,TOYOTA CITY,Toyota Motor Corporation - Motomachi Plant,JAPAN,AICHI,,JZZ31L,,,,300.0,JT8CD32Z1V0040561
JT8CD32Z2X1005623,JT8CD32Z..,JZZ31L-ACPVFA,08/1996 -,Jun-00,JZZ31,N. America,Mar-99,LEXUS,SC300/400,,USA: UNITED STATES OF AMERICA,2JZGE: 3000CC 24-VALVE DOHC EFI,"ATM: AUTOMATIC TRANSMISSION GEAR SHIFT TYPE: 4FC: ATM, 4-SPEED FLOOR SHIFT",1C0,LD21,,,1st Row (Driver and Passenger),2997.0,182.89,3.0,2.0,In-Line,6.0,225.0,227.0,Toyota,2JZ-GE,LEXUS,TOYOTA MOTOR CORPORATION,SC,1999.0,SUSONO,"Higashi Fuji Plant, Kanto Auto Works, LTD.",JAPAN,SHIZUOKA,,JZZ31L,,,,300.0,JT8CD32Z2X1005623
JT8CD32Z2Y1006675,JT8CD32Z..,JZZ31L-ACPVFA,08/1996 -,Jun-00,JZZ31,N. America,Aug-99,LEXUS,SC300/400,,USA: UNITED STATES OF AMERICA,2JZGE: 3000CC 24-VALVE DOHC EFI,"ATM: AUTOMATIC TRANSMISSION GEAR SHIFT TYPE: 4FC: ATM, 4-SPEED FLOOR SHIFT",3N1,LD07,,,1st Row (Driver and Passenger),2997.0,182.89,3.0,2.0,In-Line,6.0,225.0,227.0,Toyota,2JZ-GE,LEXUS,TOYOTA MOTOR CORPORATION,SC,2000.0,SUSONO,Toyota Motor Corporation - Tahara Plant,JAPAN,SHIZUOKA,,JZZ31L,,,,300.0,JT8CD32Z2Y1006675
JT8CD32Z3X1004271,JT8CD32Z..,JZZ31L-ACPVFA,08/1996 -,Jun-00,JZZ31,N. America,Sep-98,LEXUS,SC300/400,,USA: UNITED STATES OF AMERICA,2JZGE: 3000CC 24-VALVE DOHC EFI,"ATM: AUTOMATIC TRANSMISSION GEAR SHIFT TYPE: 4FC: ATM, 4-SPEED FLOOR SHIFT",6Q7,LD07,,,1st Row (Driver and Passenger),2997.0,182.89,3.0,2.0,In-Line,6.0,225.0,227.0,Toyota,2JZ-GE,LEXUS,TOYOTA MOTOR CORPORATION,SC,1999.0,SUSONO,"Higashi Fuji Plant, Kanto Auto Works, LTD.",JAPAN,SHIZUOKA,,JZZ31L,,,,300.0,JT8CD32Z3X1004271
JT8CD32Z3X1005145,JT8CD32Z..,JZZ31L-ACPVFA,08/1996 -,Jun-00,JZZ31,N. America,Jan-99,LEXUS,SC300/400,,USA: UNITED STATES OF AMERICA,2JZGE: 3000CC 24-VALVE DOHC EFI,"ATM: AUTOMATIC TRANSMISSION GEAR SHIFT TYPE: 4FC: ATM, 4-SPEED FLOOR SHIFT",1C0,LD21,,,1st Row (Driver and Passenger),2997.0,182.89,3.0,2.0,In-Line,6.0,225.0,227.0,Toyota,2JZ-GE,LEXUS,TOYOTA MOTOR CORPORATION,SC,1999.0,SUSONO,"Higashi Fuji Plant, Kanto Auto Works, LTD.",JAPAN,SHIZUOKA,,JZZ31L,,,,300.0,JT8CD32Z3X1005145
JT8CD32Z3Y1006698,JT8CD32Z..,JZZ31L-ACPVFA,08/1996 -,Jun-00,JZZ31,N. America,Aug-99,LEXUS,SC300/400,,USA: UNITED STATES OF AMERICA,2JZGE: 3000CC 24-VALVE DOHC EFI,"ATM: AUTOMATIC TRANSMISSION GEAR SHIFT TYPE: 4FC: ATM, 4-SPEED FLOOR SHIFT",1C0,LD21,,,1st Row (Driver and Passenger),2997.0,182.89,3.0,2.0,In-Line,6.0,225.0,227.0,Toyota,2JZ-GE,LEXUS,TOYOTA MOTOR CORPORATION,SC,2000.0,SUSONO,Toyota Motor Corporation - Tahara Plant,JAPAN,SHIZUOKA,,JZZ31L,,,,300.0,JT8CD32Z3Y1006698
JT8CD32Z3Y1007611,,,,,,N. America,Jul-00,LEXUS,SC300/400,,,,,,,,,1st Row (Driver and Passenger),2997.0,182.89,3.0,2.0,In-Line,6.0,225.0,227.0,Toyota,2JZ-GE,LEXUS,TOYOTA MOTOR CORPORATION,SC,2000.0,SUSONO,Toyota Motor Corporation - Tahara Plant,JAPAN,SHIZUOKA,,JZZ31L,,,,300.0,JT8CD32Z3Y1007611
JT8CD32Z4T0036601,JT8CD32Z..,JZZ31L-ACMVFA,01/1994 -,Jul-96,JZZ31,N. America,Apr-96,LEXUS,SC300/400,,USA: UNITED STATES OF AMERICA,2JZGE: 3000CC 24-VALVE DOHC EFI,"MTM: MANUAL TRANSMISSION GEAR SHIFT TYPE: 5F: MTM, 5-SPEED FLOOR SHIFT",202,,,,1st Row (Driver and Passenger),2997.0,182.89,3.0,2.0,In-Line,6.0,225.0,227.0,Toyota,2JZ-GE,LEXUS,TOYOTA MOTOR CORPORATION,SC,1996.0,TOYOTA CITY,Toyota Motor Corporation - Motomachi Plant,JAPAN,AICHI,,JZZ31L,,,,300.0,JT8CD32Z4T0036601
JT8CD32Z4W1002298,JT8CD32Z..,JZZ31L-ACPVFA,08/1996 -,Jun-00,JZZ31,N. America,Jan-98,LEXUS,SC300/400,,USA: UNITED STATES OF AMERICA,2JZGE: 3000CC 24-VALVE DOHC EFI,"ATM: AUTOMATIC TRANSMISSION GEAR SHIFT TYPE: 4FC: ATM, 4-SPEED FLOOR SHIFT",3M9,LD07,,,1st Row (Driver and Passenger),2997.0,182.89,3.0,2.0,In-Line,6.0,225.0,227.0,Toyota,2JZ-GE,LEXUS,TOYOTA MOTOR CORPORATION,SC,1998.0,SUSONO,"Higashi Fuji Plant, Kanto Auto Works, LTD.",JAPAN,SHIZUOKA,,JZZ31L,,,,300.0,JT8CD32Z4W1002298
JT8CD32Z4X105980,,,,,,N. America,Dec-00,LEXUS,SC300/400,,,,,,,,,1st Row (Driver and Passenger),2997.0,182.89,3.0,2.0,In-Line,6.0,225.0,227.0,Toyota,2JZ-GE,LEXUS,TOYOTA MOTOR CORPORATION,SC,1999.0,SUSONO,"Higashi Fuji Plant, Kanto Auto Works, LTD.",JAPAN,SHIZUOKA,,JZZ31L,,,,300.0,JT8CD32Z4X105980
JT8CD32Z5V0039641,JT8CD32Z..,JZZ31L-ACPVFA,08/1996 -,Jun-00,JZZ31,N. America,Jan-97,LEXUS,SC300/400,,USA: UNITED STATES OF AMERICA,2JZGE: 3000CC 24-VALVE DOHC EFI,"ATM: AUTOMATIC TRANSMISSION GEAR SHIFT TYPE: 4FC: ATM, 4-SPEED FLOOR SHIFT",51,LD07,,,1st Row (Driver and Passenger),2997.0,182.89,3.0,2.0,In-Line,6.0,225.0,227.0,Toyota,2JZ-GE,LEXUS,TOYOTA MOTOR CORPORATION,SC,1997.0,TOYOTA CITY,Toyota Motor Corporation - Motomachi Plant,JAPAN,AICHI,,JZZ31L,,,,300.0,JT8CD32Z5V0039641
JT8CD32Z5X1005888,JT8CD32Z..,JZZ31L-ACPVFA,08/1996 -,Jun-00,JZZ31,N. America,Apr-99,LEXUS,SC300/400,,USA: UNITED STATES OF AMERICA,2JZGE: 3000CC 24-VALVE DOHC EFI,"ATM: AUTOMATIC TRANSMISSION GEAR SHIFT TYPE: 4FC: ATM, 4-SPEED FLOOR SHIFT",4P9,LD07,,,1st Row (Driver and Passenger),2997.0,182.89,3.0,2.0,In-Line,6.0,225.0,227.0,Toyota,2JZ-GE,LEXUS,TOYOTA MOTOR CORPORATION,SC,1999.0,SUSONO,"Higashi Fuji Plant, Kanto Auto Works, LTD.",JAPAN,SHIZUOKA,,JZZ31L,,,,300.0,JT8CD32Z5X1005888
JT8CD32Z6T0034476,JT8CD32Z..,JZZ31L-ACPVFA,01/1994 -,Jul-96,JZZ31,N. America,Oct-95,LEXUS,SC300/400,,USA: UNITED STATES OF AMERICA,2JZGE: 3000CC 24-VALVE DOHC EFI,"ATM: AUTOMATIC TRANSMISSION GEAR SHIFT TYPE: 4FC: ATM, 4-SPEED FLOOR SHIFT",51,,,,1st Row (Driver and Passenger),2997.0,182.89,3.0,2.0,In-Line,6.0,225.0,227.0,Toyota,2JZ-GE,LEXUS,TOYOTA MOTOR CORPORATION,SC,1996.0,TOYOTA CITY,Toyota Motor Corporation - Motomachi Plant,JAPAN,AICHI,,JZZ31L,,,,300.0,JT8CD32Z6T0034476
JT8CD32Z6W1002741,JT8CD32Z..,JZZ31L-ACPVFA,08/1996 -,Jun-00,JZZ31,N. America,Feb-98,LEXUS,SC300/400,,USA: UNITED STATES OF AMERICA,2JZGE: 3000CC 24-VALVE DOHC EFI,"ATM: AUTOMATIC TRANSMISSION GEAR SHIFT TYPE: 4FC: ATM, 4-SPEED FLOOR SHIFT",3L2,LD07,,,1st Row (Driver and Passenger),2997.0,182.89,3.0,2.0,In-Line,6.0,225.0,227.0,Toyota,2JZ-GE,LEXUS,TOYOTA MOTOR CORPORATION,SC,1998.0,SUSONO,"Higashi Fuji Plant, Kanto Auto Works, LTD.",JAPAN,SHIZUOKA,,JZZ31L,,,,300.0,JT8CD32Z6W1002741
JT8CD32Z6Y1004125,JT8CD32Z..,JZZ31L-ACPVFA,08/1996 -,Jun-00,JZZ31,N. America,Aug-98,LEXUS,SC300/400,,USA: UNITED STATES OF AMERICA,2JZGE: 3000CC 24-VALVE DOHC EFI,"ATM: AUTOMATIC TRANSMISSION GEAR SHIFT TYPE: 4FC: ATM, 4-SPEED FLOOR SHIFT",57,LD07,,,1st Row (Driver and Passenger),2997.0,182.89,3.0,2.0,In-Line,6.0,225.0,227.0,Toyota,2JZ-GE,LEXUS,TOYOTA MOTOR CORPORATION,SC,2000.0,SUSONO,Toyota Motor Corporation - Tahara Plant,JAPAN,SHIZUOKA,,JZZ31L,,,,300.0,JT8CD32Z6Y1004125
JT8CD32Z6Y1005678,JT8CD32Z..,JZZ31L-ACPVFA,08/1996 -,Jun-00,JZZ31,N. America,Mar-99,LEXUS,SC300/400,,USA: UNITED STATES OF AMERICA,2JZGE: 3000CC 24-VALVE DOHC EFI,"ATM: AUTOMATIC TRANSMISSION GEAR SHIFT TYPE: 4FC: ATM, 4-SPEED FLOOR SHIFT",57,LD07,,,1st Row (Driver and Passenger),2997.0,182.89,3.0,2.0,In-Line,6.0,225.0,227.0,Toyota,2JZ-GE,LEXUS,TOYOTA MOTOR CORPORATION,SC,2000.0,SUSONO,Toyota Motor Corporation - Tahara Plant,JAPAN,SHIZUOKA,,JZZ31L,,,,300.0,JT8CD32Z6Y1005678
JT8CD32Z6Y1007182,JT8CD32Z..,JZZ31L-ACPVFA,08/1996 -,Jun-00,JZZ31,N. America,Jan-00,LEXUS,SC300/400,,USA: UNITED STATES OF AMERICA,2JZGE: 3000CC 24-VALVE DOHC EFI,"ATM: AUTOMATIC TRANSMISSION GEAR SHIFT TYPE: 4FC: ATM, 4-SPEED FLOOR SHIFT",4P9,LD07,,,1st Row (Driver and Passenger),2997.0,182.89,3.0,2.0,In-Line,6.0,225.0,227.0,Toyota,2JZ-GE,LEXUS,TOYOTA MOTOR CORPORATION,SC,2000.0,SUSONO,Toyota Motor Corporation - Tahara Plant,JAPAN,SHIZUOKA,,JZZ31L,,,,300.0,JT8CD32Z6Y1007182
JT8CD32Z7Y1007031,JT8CD32Z..,JZZ31L-ACPVFA,08/1996 -,Jun-00,JZZ31,N. America,Nov-99,LEXUS,SC300/400,,USA: UNITED STATES OF AMERICA,2JZGE: 3000CC 24-VALVE DOHC EFI,"ATM: AUTOMATIC TRANSMISSION GEAR SHIFT TYPE: 4FC: ATM, 4-SPEED FLOOR SHIFT",57,LD07,,,1st Row (Driver and Passenger),2997.0,182.89,3.0,2.0,In-Line,6.0,225.0,227.0,Toyota,2JZ-GE,LEXUS,TOYOTA MOTOR CORPORATION,SC,2000.0,SUSONO,Toyota Motor Corporation - Tahara Plant,JAPAN,SHIZUOKA,,JZZ31L,,,,300.0,JT8CD32Z7Y1007031
JT8CD32Z7Y1007076,JT8CD32Z..,JZZ31L-ACPVFA,08/1996 -,Jun-00,JZZ31,N. America,Dec-99,LEXUS,SC300/400,,USA: UNITED STATES OF AMERICA,2JZGE: 3000CC 24-VALVE DOHC EFI,"ATM: AUTOMATIC TRANSMISSION GEAR SHIFT TYPE: 4FC: ATM, 4-SPEED FLOOR SHIFT",202,LD07,,,1st Row (Driver and Passenger),2997.0,182.89,3.0,2.0,In-Line,6.0,225.0,227.0,Toyota,2JZ-GE,LEXUS,TOYOTA MOTOR CORPORATION,SC,2000.0,SUSONO,Toyota Motor Corporation - Tahara Plant,JAPAN,SHIZUOKA,,JZZ31L,,,,300.0,JT8CD32Z7Y1007076
JT8CD32Z8V1000620,JT8CD32Z..,JZZ31L-ACPVFA,08/1996 -,Jun-00,JZZ31,N. America,Jun-97,LEXUS,SC300/400,,USA: UNITED STATES OF AMERICA,2JZGE: 3000CC 24-VALVE DOHC EFI,"ATM: AUTOMATIC TRANSMISSION GEAR SHIFT TYPE: 4FC: ATM, 4-SPEED FLOOR SHIFT",6P2,LD07,,,1st Row (Driver and Passenger),2997.0,182.89,3.0,2.0,In-Line,6.0,225.0,227.0,Toyota,2JZ-GE,LEXUS,TOYOTA MOTOR CORPORATION,SC,1997.0,SUSONO,"Higashi Fuji Plant, Kanto Auto Works, LTD.",JAPAN,SHIZUOKA,,JZZ31L,,,,300.0,JT8CD32Z8V1000620
JT8CD32Z8X10006632,075570040..,JZZ31-ACPVF,01/1994 -,Nov-00,JZZ31,"Japan,N. America",Jun-97,LEXUS,SC300/400,,,2JZGE: 3000CC 24-VALVE DOHC EFI,ATM: AUTOMATIC TRANSMISSION,8L5,FF07,,,1st Row (Driver and Passenger),2997.0,182.89,3.0,2.0,In-Line,6.0,225.0,227.0,Toyota,2JZ-GE,LEXUS,TOYOTA MOTOR CORPORATION,SC,1999.0,SUSONO,"Higashi Fuji Plant, Kanto Auto Works, LTD.",JAPAN,SHIZUOKA,,JZZ31L,,,,300.0,JT8CD32Z8X1000663
JT8CD32Z8X1005237,JT8CD32Z..,JZZ31L-ACPVFA,08/1996 -,Jun-00,JZZ31,N. America,Jan-99,LEXUS,SC300/400,,USA: UNITED STATES OF AMERICA,2JZGE: 3000CC 24-VALVE DOHC EFI,"ATM: AUTOMATIC TRANSMISSION GEAR SHIFT TYPE: 4FC: ATM, 4-SPEED FLOOR SHIFT",4P9,LD07,,,1st Row (Driver and Passenger),2997.0,182.89,3.0,2.0,In-Line,6.0,225.0,227.0,Toyota,2JZ-GE,LEXUS,TOYOTA MOTOR CORPORATION,SC,1999.0,SUSONO,"Higashi Fuji Plant, Kanto Auto Works, LTD.",JAPAN,SHIZUOKA,,JZZ31L,,,,300.0,JT8CD32Z8X1005237
JT8CD32Z9V0040209,JT8CD32Z..,JZZ31L-ACMVFA,08/1996 -,Aug-97,JZZ31,N. America,Feb-97,LEXUS,SC300/400,,USA: UNITED STATES OF AMERICA,2JZGE: 3000CC 24-VALVE DOHC EFI,"MTM: MANUAL TRANSMISSION GEAR SHIFT TYPE: 5F: MTM, 5-SPEED FLOOR SHIFT",202,LD07,,,1st Row (Driver and Passenger),2997.0,182.89,3.0,2.0,In-Line,6.0,225.0,227.0,Toyota,2JZ-GE,LEXUS,TOYOTA MOTOR CORPORATION,SC,1997.0,TOYOTA CITY,Toyota Motor Corporation - Motomachi Plant,JAPAN,AICHI,,JZZ31L,,,,300.0,JT8CD32Z9V0040209
JT8CD32ZXX1006406,JT8CD32Z..,JZZ31L-ACPVFA,08/1996 -,Jun-00,JZZ31,N. America,Jun-99,LEXUS,SC300/400,,USA: UNITED STATES OF AMERICA,2JZGE: 3000CC 24-VALVE DOHC EFI,"ATM: AUTOMATIC TRANSMISSION GEAR SHIFT TYPE: 4FC: ATM, 4-SPEED FLOOR SHIFT",4P9,LD07,,,1st Row (Driver and Passenger),2997.0,182.89,3.0,2.0,In-Line,6.0,225.0,227.0,Toyota,2JZ-GE,LEXUS,TOYOTA MOTOR CORPORATION,SC,1999.0,SUSONO,"Higashi Fuji Plant, Kanto Auto Works, LTD.",JAPAN,SHIZUOKA,,JZZ31L,,,,300.0,JT8CD32ZXX1006406
JT8CD32ZXY1007296,JT8CD32Z..,JZZ31L-ACPVFA,08/1996 -,Jun-00,JZZ31,N. America,Mar-00,LEXUS,SC300/400,,USA: UNITED STATES OF AMERICA,2JZGE: 3000CC 24-VALVE DOHC EFI,"ATM: AUTOMATIC TRANSMISSION GEAR SHIFT TYPE: 4FC: ATM, 4-SPEED FLOOR SHIFT",57,LD07,,,1st Row (Driver and Passenger),2997.0,182.89,3.0,2.0,In-Line,6.0,225.0,227.0,Toyota,2JZ-GE,LEXUS,TOYOTA MOTOR CORPORATION,SC,2000.0,SUSONO,Toyota Motor Corporation - Tahara Plant,JAPAN,SHIZUOKA,,JZZ31L,,,,300.0,JT8CD32ZXY1007296
JT8CH32Y0V1000350,JT8UZ30C..,UZZ30L-ACPZKA,08/1996 -,Aug-97,UZZ30,N. America,Jul-97,LEXUS,SC300/400,,USA: UNITED STATES OF AMERICA,1UZFE: 4000CC 32-VALVE DOHC EFI,"ATM: AUTOMATIC TRANSMISSION GEAR SHIFT TYPE: 4FC: ATM, 4-SPEED FLOOR SHIFT",8L5,LE21,,,1st Row (Driver and Passenger),3969.0,242.2,4.0,2.0,V-Shaped,8.0,290.0,300.0,Toyota,1UZ-FE,LEXUS,TOYOTA MOTOR CORPORATION,SC,1997.0,SUSONO,"Higashi Fuji Plant, Kanto Auto Works, LTD.",JAPAN,SHIZUOKA,,UZZ30L,,,,400.0,JT8CH32Y0V1000350
JT8CH32Y0X1002084,JT8UZ30C..,UZZ30L-ACAZKA,09/1997 -,Jun-00,UZZ30,N. America,Sep-98,LEXUS,SC300/400,,USA: UNITED STATES OF AMERICA,1UZFE: 4000CC 32-VALVE DOHC EFI,"ATM: AUTOMATIC TRANSMISSION GEAR SHIFT TYPE: 5FC: ATM, 5-SPEED FLOOR SHIFT",202,LE21,,,1st Row (Driver and Passenger),3969.0,242.2,4.0,2.0,V-Shaped,8.0,290.0,300.0,Toyota,1UZ-FE,LEXUS,TOYOTA MOTOR CORPORATION,SC,1999.0,SUSONO,"Higashi Fuji Plant, Kanto Auto Works, LTD.",JAPAN,SHIZUOKA,,UZZ30L,,,,300.0,JT8CH32Y0X1002084
JT8CH32Y0X1002649,JT8UZ30C..,UZZ30L-ACAZKA,09/1997 -,Jun-00,UZZ30,N. America,May-99,LEXUS,SC300/400,,USA: UNITED STATES OF AMERICA,1UZFE: 4000CC 32-VALVE DOHC EFI,"ATM: AUTOMATIC TRANSMISSION GEAR SHIFT TYPE: 5FC: ATM, 5-SPEED FLOOR SHIFT",3L2,LE07,,,1st Row (Driver and Passenger),3969.0,242.2,4.0,2.0,V-Shaped,8.0,290.0,300.0,Toyota,1UZ-FE,LEXUS,TOYOTA MOTOR CORPORATION,SC,1999.0,SUSONO,"Higashi Fuji Plant, Kanto Auto Works, LTD.",JAPAN,SHIZUOKA,,UZZ30L,,,,300.0,JT8CH32Y0X1002649
JT8CH32Y1T0049530,JT8CH32Y..,UZZ30L-ACPZKK,01/1994 -,Jul-96,UZZ30,N. America,Aug-95,LEXUS,SC300/400,,CND: CANADA,1UZFE: 4000CC 32-VALVE DOHC EFI,"ATM: AUTOMATIC TRANSMISSION GEAR SHIFT TYPE: 4FC: ATM, 4-SPEED FLOOR SHIFT",51,,,,1st Row (Driver and Passenger),3969.0,242.2,4.0,2.0,V-Shaped,8.0,260.0,300.0,Toyota,1UZ-FE,LEXUS,TOYOTA MOTOR CORPORATION,SC,1996.0,TOYOTA CITY,Toyota Motor Corporation - Motomachi Plant,JAPAN,AICHI,,UZZ30L,,,,400.0,JT8CH32Y1T0049530
JT8CH32Y1X1002823,JT8UZ30C..,UZZ30L-ACAZKA,09/1997 -,Jun-00,UZZ30,N. America,Jul-99,LEXUS,SC300/400,,USA: UNITED STATES OF AMERICA,1UZFE: 4000CC 32-VALVE DOHC EFI,"ATM: AUTOMATIC TRANSMISSION GEAR SHIFT TYPE: 5FC: ATM, 5-SPEED FLOOR SHIFT",57,LE07,,,1st Row (Driver and Passenger),3969.0,242.2,4.0,2.0,V-Shaped,8.0,290.0,300.0,Toyota,1UZ-FE,LEXUS,TOYOTA MOTOR CORPORATION,SC,1999.0,SUSONO,"Higashi Fuji Plant, Kanto Auto Works, LTD.",JAPAN,SHIZUOKA,,UZZ30L,,,,300.0,JT8CH32Y1X1002823
JT8CH32Y1X1113683,,,,,,N. America,Aug-00,LEXUS,SC300/400,,,,,,,,,1st Row (Driver and Passenger),3969.0,242.2,4.0,2.0,V-Shaped,8.0,290.0,300.0,Toyota,1UZ-FE,LEXUS,TOYOTA MOTOR CORPORATION,SC,1999.0,SUSONO,"Higashi Fuji Plant, Kanto Auto Works, LTD.",JAPAN,SHIZUOKA,,UZZ30L,,,,300.0,JT8CH32Y1X1113683
JT8CH32Y1Y1002967,JT8UZ30C..,UZZ30L-ACAZKA,09/1997 -,Jun-00,UZZ30,N. America,Oct-99,LEXUS,SC300/400,,USA: UNITED STATES OF AMERICA,1UZFE: 4000CC 32-VALVE DOHC EFI,"ATM: AUTOMATIC TRANSMISSION GEAR SHIFT TYPE: 5FC: ATM, 5-SPEED FLOOR SHIFT",6Q7,LE07,,,1st Row (Driver and Passenger),3969.0,242.2,4.0,2.0,V-Shaped,8.0,290.0,300.0,Toyota,1UZ-FE,LEXUS,TOYOTA MOTOR CORPORATION,SC,2000.0,SUSONO,Toyota Motor Corporation - Tahara Plant,JAPAN,SHIZUOKA,,UZZ30L,,,,400.0,JT8CH32Y1Y1002967
JT8CH32Y2V0053525,JT8UZ30C..,UZZ30L-ACPZKA,08/1996 -,Aug-97,UZZ30,N. America,Mar-97,LEXUS,SC300/400,,USA: UNITED STATES OF AMERICA,1UZFE: 4000CC 32-VALVE DOHC EFI,"ATM: AUTOMATIC TRANSMISSION GEAR SHIFT TYPE: 4FC: ATM, 4-SPEED FLOOR SHIFT",202,LE07,,,1st Row (Driver and Passenger),3969.0,242.2,4.0,2.0,V-Shaped,8.0,290.0,300.0,Toyota,1UZ-FE,LEXUS,TOYOTA MOTOR CORPORATION,SC,1997.0,TOYOTA CITY,Toyota Motor Corporation - Motomachi Plant,JAPAN,AICHI,,UZZ30L,,,,400.0,JT8CH32Y2V0053525
JT8CH32Y2W1001873,JT8UZ30C..,UZZ30L-ACAZKA,09/1997 -,Jun-00,UZZ30,N. America,Jul-98,LEXUS,SC300/400,,USA: UNITED STATES OF AMERICA,1UZFE: 4000CC 32-VALVE DOHC EFI,"ATM: AUTOMATIC TRANSMISSION GEAR SHIFT TYPE: 5FC: ATM, 5-SPEED FLOOR SHIFT",202,LE07,,,1st Row (Driver and Passenger),3969.0,242.2,4.0,2.0,V-Shaped,8.0,290.0,300.0,Toyota,1UZ-FE,LEXUS,TOYOTA MOTOR CORPORATION,SC,1998.0,SUSONO,"Higashi Fuji Plant, Kanto Auto Works, LTD.",JAPAN,SHIZUOKA,,UZZ30L,,,,400.0,JT8CH32Y2W1001873
JT8CH32Y2X1002796,JT8UZ30C..,UZZ30L-ACAZKA,09/1997 -,Jun-00,UZZ30,N. America,Jun-99,LEXUS,SC300/400,,USA: UNITED STATES OF AMERICA,1UZFE: 4000CC 32-VALVE DOHC EFI,"ATM: AUTOMATIC TRANSMISSION GEAR SHIFT TYPE: 5FC: ATM, 5-SPEED FLOOR SHIFT",202,LE21,,,1st Row (Driver and Passenger),3969.0,242.2,4.0,2.0,V-Shaped,8.0,290.0,300.0,Toyota,1UZ-FE,LEXUS,TOYOTA MOTOR CORPORATION,SC,1999.0,SUSONO,"Higashi Fuji Plant, Kanto Auto Works, LTD.",JAPAN,SHIZUOKA,,UZZ30L,,,,300.0,JT8CH32Y2X1002796
JT8CH32Y4V0053607,JT8UZ30C..,UZZ30L-ACPZKA,08/1996 -,Aug-97,UZZ30,N. America,Mar-97,LEXUS,SC300/400,,USA: UNITED STATES OF AMERICA,1UZFE: 4000CC 32-VALVE DOHC EFI,"ATM: AUTOMATIC TRANSMISSION GEAR SHIFT TYPE: 4FC: ATM, 4-SPEED FLOOR SHIFT",51,LE21,,,1st Row (Driver and Passenger),3969.0,242.2,4.0,2.0,V-Shaped,8.0,290.0,300.0,Toyota,1UZ-FE,LEXUS,TOYOTA MOTOR CORPORATION,SC,1997.0,TOYOTA CITY,Toyota Motor Corporation - Motomachi Plant,JAPAN,AICHI,,UZZ30L,,,,400.0,JT8CH32Y4V0053607
JT8CH32Y4W1001423,JT8UZ30C..,UZZ30L-ACAZKA,09/1997 -,Jun-00,UZZ30,N. America,Mar-98,LEXUS,SC300/400,,USA: UNITED STATES OF AMERICA,1UZFE: 4000CC 32-VALVE DOHC EFI,"ATM: AUTOMATIC TRANSMISSION GEAR SHIFT TYPE: 5FC: ATM, 5-SPEED FLOOR SHIFT",202,LE21,,,1st Row (Driver and Passenger),3969.0,242.2,4.0,2.0,V-Shaped,8.0,290.0,300.0,Toyota,1UZ-FE,LEXUS,TOYOTA MOTOR CORPORATION,SC,1998.0,SUSONO,"Higashi Fuji Plant, Kanto Auto Works, LTD.",JAPAN,SHIZUOKA,,UZZ30L,,,,400.0,JT8CH32Y4W1001423
JT8CH32Y4W1001731,JT8UZ30C..,UZZ30L-ACAZKA,09/1997 -,Jun-00,UZZ30,N. America,Jun-98,LEXUS,SC300/400,,USA: UNITED STATES OF AMERICA,1UZFE: 4000CC 32-VALVE DOHC EFI,"ATM: AUTOMATIC TRANSMISSION GEAR SHIFT TYPE: 5FC: ATM, 5-SPEED FLOOR SHIFT",202,LE07,,,1st Row (Driver and Passenger),3969.0,242.2,4.0,2.0,V-Shaped,8.0,290.0,300.0,Toyota,1UZ-FE,LEXUS,TOYOTA MOTOR CORPORATION,SC,1998.0,SUSONO,"Higashi Fuji Plant, Kanto Auto Works, LTD.",JAPAN,SHIZUOKA,,UZZ30L,,,,400.0,JT8CH32Y4W1001731
JT8CH32Y5T0050020,JT8UZ30C..,UZZ30L-ACPZKA,01/1994 -,Jul-96,UZZ30,N. America,Jan-96,LEXUS,SC300/400,,USA: UNITED STATES OF AMERICA,1UZFE: 4000CC 32-VALVE DOHC EFI,"ATM: AUTOMATIC TRANSMISSION GEAR SHIFT TYPE: 4FC: ATM, 4-SPEED FLOOR SHIFT",8J5,,,,1st Row (Driver and Passenger),3969.0,242.2,4.0,2.0,V-Shaped,8.0,260.0,300.0,Toyota,1UZ-FE,LEXUS,TOYOTA MOTOR CORPORATION,SC,1996.0,TOYOTA CITY,Toyota Motor Corporation - Motomachi Plant,JAPAN,AICHI,,UZZ30L,,,,400.0,JT8CH32Y5T0050020
JT8CH32Y5T0051202,JT8UZ30C..,UZZ30L-ACPZKA,01/1994 -,Jul-96,UZZ30,N. America,Apr-96,LEXUS,SC300/400,,USA: UNITED STATES OF AMERICA,1UZFE: 4000CC 32-VALVE DOHC EFI,"ATM: AUTOMATIC TRANSMISSION GEAR SHIFT TYPE: 4FC: ATM, 4-SPEED FLOOR SHIFT",202,,,,1st Row (Driver and Passenger),3969.0,242.2,4.0,2.0,V-Shaped,8.0,260.0,300.0,Toyota,1UZ-FE,LEXUS,TOYOTA MOTOR CORPORATION,SC,1996.0,TOYOTA CITY,Toyota Motor Corporation - Motomachi Plant,JAPAN,AICHI,,UZZ30L,,,,400.0,JT8CH32Y5T0051202
JT8CH32Y5W1001477,JT8UZ30C..,UZZ30L-ACAZKA,09/1997 -,Jun-00,UZZ30,N. America,Apr-98,LEXUS,SC300/400,,USA: UNITED STATES OF AMERICA,1UZFE: 4000CC 32-VALVE DOHC EFI,"ATM: AUTOMATIC TRANSMISSION GEAR SHIFT TYPE: 5FC: ATM, 5-SPEED FLOOR SHIFT",202,LE07,,,1st Row (Driver and Passenger),3969.0,242.2,4.0,2.0,V-Shaped,8.0,290.0,300.0,Toyota,1UZ-FE,LEXUS,TOYOTA MOTOR CORPORATION,SC,1998.0,SUSONO,"Higashi Fuji Plant, Kanto Auto Works, LTD.",JAPAN,SHIZUOKA,,UZZ30L,,,,400.0,JT8CH32Y5W1001477
JT8CH32Y5W1001530,JT8UZ30C..,UZZ30L-ACAZKA,09/1997 -,Jun-00,UZZ30,N. America,Apr-98,LEXUS,SC300/400,,USA: UNITED STATES OF AMERICA,1UZFE: 4000CC 32-VALVE DOHC EFI,"ATM: AUTOMATIC TRANSMISSION GEAR SHIFT TYPE: 5FC: ATM, 5-SPEED FLOOR SHIFT",1A0,LE21,,,1st Row (Driver and Passenger),3969.0,242.2,4.0,2.0,V-Shaped,8.0,290.0,300.0,Toyota,1UZ-FE,LEXUS,TOYOTA MOTOR CORPORATION,SC,1998.0,SUSONO,"Higashi Fuji Plant, Kanto Auto Works, LTD.",JAPAN,SHIZUOKA,,UZZ30L,,,,400.0,JT8CH32Y5W1001530
JT8CH32Y6V1000014,JT8UZ30C..,UZZ30L-ACPZKA,08/1996 -,Aug-97,UZZ30,N. America,May-97,LEXUS,SC300/400,,USA: UNITED STATES OF AMERICA,1UZFE: 4000CC 32-VALVE DOHC EFI,"ATM: AUTOMATIC TRANSMISSION GEAR SHIFT TYPE: 4FC: ATM, 4-SPEED FLOOR SHIFT",202,LE07,,,1st Row (Driver and Passenger),3969.0,242.2,4.0,2.0,V-Shaped,8.0,290.0,300.0,Toyota,1UZ-FE,LEXUS,TOYOTA MOTOR CORPORATION,SC,1997.0,SUSONO,"Higashi Fuji Plant, Kanto Auto Works, LTD.",JAPAN,SHIZUOKA,,UZZ30L,,,,400.0,JT8CH32Y6V1000014
JT8CH32Y6V1000238,JT8UZ30C..,UZZ30L-ACPZKA,08/1996 -,Aug-97,UZZ30,N. America,Jun-97,LEXUS,SC300/400,,USA: UNITED STATES OF AMERICA,1UZFE: 4000CC 32-VALVE DOHC EFI,"ATM: AUTOMATIC TRANSMISSION GEAR SHIFT TYPE: 4FC: ATM, 4-SPEED FLOOR SHIFT",3K7,LE08,,,1st Row (Driver and Passenger),3969.0,242.2,4.0,2.0,V-Shaped,8.0,290.0,300.0,Toyota,1UZ-FE,LEXUS,TOYOTA MOTOR CORPORATION,SC,1997.0,SUSONO,"Higashi Fuji Plant, Kanto Auto Works, LTD.",JAPAN,SHIZUOKA,,UZZ30L,,,,400.0,JT8CH32Y6V1000238
JT8CH32Y7T0050536,JT8UZ30C..,UZZ30L-ACPZKA,01/1994 -,Jul-96,UZZ30,N. America,Mar-96,LEXUS,SC300/400,,USA: UNITED STATES OF AMERICA,1UZFE: 4000CC 32-VALVE DOHC EFI,"ATM: AUTOMATIC TRANSMISSION GEAR SHIFT TYPE: 4FC: ATM, 4-SPEED FLOOR SHIFT",4K9,,,,1st Row (Driver and Passenger),3969.0,242.2,4.0,2.0,V-Shaped,8.0,260.0,300.0,Toyota,1UZ-FE,LEXUS,TOYOTA MOTOR CORPORATION,SC,1996.0,TOYOTA CITY,Toyota Motor Corporation - Motomachi Plant,JAPAN,AICHI,,UZZ30L,,,,400.0,JT8CH32Y7T0050536
JT8CH32Y7W1001433,JT8UZ30C..,UZZ30L-ACAZKA,09/1997 -,Jun-00,UZZ30,N. America,Apr-98,LEXUS,SC300/400,,USA: UNITED STATES OF AMERICA,1UZFE: 4000CC 32-VALVE DOHC EFI,"ATM: AUTOMATIC TRANSMISSION GEAR SHIFT TYPE: 5FC: ATM, 5-SPEED FLOOR SHIFT",202,LE21,,,1st Row (Driver and Passenger),3969.0,242.2,4.0,2.0,V-Shaped,8.0,290.0,300.0,Toyota,1UZ-FE,LEXUS,TOYOTA MOTOR CORPORATION,SC,1998.0,SUSONO,"Higashi Fuji Plant, Kanto Auto Works, LTD.",JAPAN,SHIZUOKA,,UZZ30L,,,,400.0,JT8CH32Y7W1001433
JT8CH32Y7Y1002925,JT8UZ30C..,UZZ30L-ACAZKA,09/1997 -,Jun-00,UZZ30,N. America,Sep-99,LEXUS,SC300/400,,USA: UNITED STATES OF AMERICA,1UZFE: 4000CC 32-VALVE DOHC EFI,"ATM: AUTOMATIC TRANSMISSION GEAR SHIFT TYPE: 5FC: ATM, 5-SPEED FLOOR SHIFT",1C0,LE21,,,1st Row (Driver and Passenger),3969.0,242.2,4.0,2.0,V-Shaped,8.0,290.0,300.0,Toyota,1UZ-FE,LEXUS,TOYOTA MOTOR CORPORATION,SC,2000.0,SUSONO,Toyota Motor Corporation - Tahara Plant,JAPAN,SHIZUOKA,,UZZ30L,,,,400.0,JT8CH32Y7Y1002925
JT8CH32Y8X1002317,JT8UZ30C..,UZZ30L-ACAZKA,09/1997 -,Jun-00,UZZ30,N. America,Jan-99,LEXUS,SC300/400,,USA: UNITED STATES OF AMERICA,1UZFE: 4000CC 32-VALVE DOHC EFI,"ATM: AUTOMATIC TRANSMISSION GEAR SHIFT TYPE: 5FC: ATM, 5-SPEED FLOOR SHIFT",1C0,LE21,,,1st Row (Driver and Passenger),3969.0,242.2,4.0,2.0,V-Shaped,8.0,290.0,300.0,Toyota,1UZ-FE,LEXUS,TOYOTA MOTOR CORPORATION,SC,1999.0,SUSONO,"Higashi Fuji Plant, Kanto Auto Works, LTD.",JAPAN,SHIZUOKA,,UZZ30L,,,,300.0,JT8CH32Y8X1002317
JT8CH32Y9V0052971,JT8UZ30C..,UZZ30L-ACPZKA,08/1996 -,Aug-97,UZZ30,N. America,Jan-97,LEXUS,SC300/400,,USA: UNITED STATES OF AMERICA,1UZFE: 4000CC 32-VALVE DOHC EFI,"ATM: AUTOMATIC TRANSMISSION GEAR SHIFT TYPE: 4FC: ATM, 4-SPEED FLOOR SHIFT",3L4,LE07,,,1st Row (Driver and Passenger),3969.0,242.2,4.0,2.0,V-Shaped,8.0,290.0,300.0,Toyota,1UZ-FE,LEXUS,TOYOTA MOTOR CORPORATION,SC,1997.0,TOYOTA CITY,Toyota Motor Corporation - Motomachi Plant,JAPAN,AICHI,,UZZ30L,,,,400.0,JT8CH32Y9V0052971
JT8CH32Y9W1001238,JT8UZ30C..,UZZ30L-ACAZKA,09/1997 -,Jun-00,UZZ30,N. America,Feb-98,LEXUS,SC300/400,,USA: UNITED STATES OF AMERICA,1UZFE: 4000CC 32-VALVE DOHC EFI,"ATM: AUTOMATIC TRANSMISSION GEAR SHIFT TYPE: 5FC: ATM, 5-SPEED FLOOR SHIFT",3L2,LE07,,,1st Row (Driver and Passenger),3969.0,242.2,4.0,2.0,V-Shaped,8.0,290.0,300.0,Toyota,1UZ-FE,LEXUS,TOYOTA MOTOR CORPORATION,SC,1998.0,SUSONO,"Higashi Fuji Plant, Kanto Auto Works, LTD.",JAPAN,SHIZUOKA,,UZZ30L,,,,400.0,JT8CH32Y9W1001238
JT8CH32Y9X1001998,JT8UZ30C..,UZZ30L-ACAZKA,09/1997 -,Jun-00,UZZ30,N. America,Sep-98,LEXUS,SC300/400,,USA: UNITED STATES OF AMERICA,1UZFE: 4000CC 32-VALVE DOHC EFI,"ATM: AUTOMATIC TRANSMISSION GEAR SHIFT TYPE: 5FC: ATM, 5-SPEED FLOOR SHIFT",4P9,LE07,,,1st Row (Driver and Passenger),3969.0,242.2,4.0,2.0,V-Shaped,8.0,290.0,300.0,Toyota,1UZ-FE,LEXUS,TOYOTA MOTOR CORPORATION,SC,1999.0,SUSONO,"Higashi Fuji Plant, Kanto Auto Works, LTD.",JAPAN,SHIZUOKA,,UZZ30L,,,,300.0,JT8CH32Y9X1001998
JT8CH32YXX1002707,JT8UZ30C..,UZZ30L-ACAZKA,09/1997 -,Jun-00,UZZ30,N. America,Jun-99,LEXUS,SC300/400,,USA: UNITED STATES OF AMERICA,1UZFE: 4000CC 32-VALVE DOHC EFI,"ATM: AUTOMATIC TRANSMISSION GEAR SHIFT TYPE: 5FC: ATM, 5-SPEED FLOOR SHIFT",1C0,LE21,,,1st Row (Driver and Passenger),3969.0,242.2,4.0,2.0,V-Shaped,8.0,290.0,300.0,Toyota,1UZ-FE,LEXUS,TOYOTA MOTOR CORPORATION,SC,1999.0,SUSONO,"Higashi Fuji Plant, Kanto Auto Works, LTD.",JAPAN,SHIZUOKA,,UZZ30L,,,,300.0,JT8CH32YXX1002707
JT8JZ31C0P0011187,JT8JZ31C..,JZZ31L-ACPVFA,08/1991 -,Dec-93,JZZ31,N. America,Oct-92,LEXUS,SC300/400,,USA: UNITED STATES OF AMERICA,2JZGE: 3000CC 24-VALVE DOHC EFI,"ATM: AUTOMATIC TRANSMISSION GEAR SHIFT TYPE: 4FC: ATM, 4-SPEED FLOOR SHIFT",182,,,,1st Row (Driver and Passenger),2997.0,182.89,3.0,2.0,In-Line,6.0,225.0,227.0,Toyota,2JZ-GE,LEXUS,TOYOTA MOTOR CORPORATION,SC,1993.0,TOYOTA CITY,Toyota Motor Corporation - Motomachi Plant,JAPAN,AICHI,,,,,,300.0,JT8JZ31C0P0011187
JT8JZ31C0S0029830,JT8CD32Z..,JZZ31L-ACPVFA,01/1994 -,Jul-96,JZZ31,N. America,Dec-94,LEXUS,SC300/400,,USA: UNITED STATES OF AMERICA,2JZGE: 3000CC 24-VALVE DOHC EFI,"ATM: AUTOMATIC TRANSMISSION GEAR SHIFT TYPE: 4FC: ATM, 4-SPEED FLOOR SHIFT",1A0,,,,1st Row (Driver and Passenger),2997.0,182.89,3.0,2.0,In-Line,6.0,225.0,227.0,Toyota,2JZ-GE,LEXUS,TOYOTA MOTOR CORPORATION,SC,1995.0,TOYOTA CITY,Toyota Motor Corporation - Motomachi Plant,JAPAN,AICHI,,JZZ31L,,,,300.0,JT8JZ31C0S0029830
JT8JZ31C0S0031982,JT8CD32Z..,JZZ31L-ACPVFA,01/1994 -,Jul-96,JZZ31,N. America,Apr-95,LEXUS,SC300/400,,USA: UNITED STATES OF AMERICA,2JZGE: 3000CC 24-VALVE DOHC EFI,"ATM: AUTOMATIC TRANSMISSION GEAR SHIFT TYPE: 4FC: ATM, 4-SPEED FLOOR SHIFT",752,,,,1st Row (Driver and Passenger),2997.0,182.89,3.0,2.0,In-Line,6.0,225.0,227.0,Toyota,2JZ-GE,LEXUS,TOYOTA MOTOR CORPORATION,SC,1995.0,TOYOTA CITY,Toyota Motor Corporation - Motomachi Plant,JAPAN,AICHI,,JZZ31L,,,,300.0,JT8JZ31C0S0031982
JT8JZ31C1S0030081,JT8CD32Z..,JZZ31L-ACPVFA,01/1994 -,Jul-96,JZZ31,N. America,Dec-94,LEXUS,SC300/400,,USA: UNITED STATES OF AMERICA,2JZGE: 3000CC 24-VALVE DOHC EFI,"ATM: AUTOMATIC TRANSMISSION GEAR SHIFT TYPE: 4FC: ATM, 4-SPEED FLOOR SHIFT",4K9,,,,1st Row (Driver and Passenger),2997.0,182.89,3.0,2.0,In-Line,6.0,225.0,227.0,Toyota,2JZ-GE,LEXUS,TOYOTA MOTOR CORPORATION,SC,1995.0,TOYOTA CITY,Toyota Motor Corporation - Motomachi Plant,JAPAN,AICHI,,JZZ31L,,,,300.0,JT8JZ31C1S0030081
JT8JZ31C2N0008126,JT8JZ31C..,JZZ31L-ACMVFA,11/1991 -,Dec-93,JZZ31,N. America,May-92,LEXUS,SC300/400,,USA: UNITED STATES OF AMERICA,2JZGE: 3000CC 24-VALVE DOHC EFI,"MTM: MANUAL TRANSMISSION GEAR SHIFT TYPE: 5F: MTM, 5-SPEED FLOOR SHIFT",6M2,,,,Driver Seat Only,2997.0,182.89,3.0,2.0,In-Line,6.0,217.0,227.0,Toyota,2JZ-GE,LEXUS,TOYOTA MOTOR CORPORATION,SC,1992.0,TOYOTA CITY,Toyota Motor Corporation - Motomachi Plant,JAPAN,AICHI,,,,,,300.0,JT8JZ31C2N0008126
JT8JZ31C3N0006398,JT8JZ31C..,JZZ31L-ACPVFA,08/1991 -,Dec-93,JZZ31,N. America,Mar-92,LEXUS,SC300/400,,USA: UNITED STATES OF AMERICA,2JZGE: 3000CC 24-VALVE DOHC EFI,"ATM: AUTOMATIC TRANSMISSION GEAR SHIFT TYPE: 4FC: ATM, 4-SPEED FLOOR SHIFT",4K9,,,,Driver Seat Only,2997.0,182.89,3.0,2.0,In-Line,6.0,217.0,227.0,Toyota,2JZ-GE,LEXUS,TOYOTA MOTOR CORPORATION,SC,1992.0,TOYOTA CITY,Toyota Motor Corporation - Motomachi Plant,JAPAN,AICHI,,,,,,300.0,JT8JZ31C3N0006398
JT8JZ31C3S0020295,JT8CD32Z..,JZZ31L-ACPVFA,01/1994 -,Jul-96,JZZ31,N. America,Feb-94,LEXUS,SC300/400,,USA: UNITED STATES OF AMERICA,2JZGE: 3000CC 24-VALVE DOHC EFI,"ATM: AUTOMATIC TRANSMISSION GEAR SHIFT TYPE: 4FC: ATM, 4-SPEED FLOOR SHIFT",6N1,,,,1st Row (Driver and Passenger),2997.0,182.89,3.0,2.0,In-Line,6.0,225.0,227.0,Toyota,2JZ-GE,LEXUS,TOYOTA MOTOR CORPORATION,SC,1995.0,TOYOTA CITY,Toyota Motor Corporation - Motomachi Plant,JAPAN,AICHI,,JZZ31L,,,,300.0,JT8JZ31C3S0020295
JT8JZ31C3S0027991,JT8CD32Z..,JZZ31L-ACMVFA,01/1994 -,Jul-96,JZZ31,N. America,Sep-94,LEXUS,SC300/400,,USA: UNITED STATES OF AMERICA,2JZGE: 3000CC 24-VALVE DOHC EFI,"MTM: MANUAL TRANSMISSION GEAR SHIFT TYPE: 5F: MTM, 5-SPEED FLOOR SHIFT",6M2,,,,1st Row (Driver and Passenger),2997.0,182.89,3.0,2.0,In-Line,6.0,225.0,227.0,Toyota,2JZ-GE,LEXUS,TOYOTA MOTOR CORPORATION,SC,1995.0,TOYOTA CITY,Toyota Motor Corporation - Motomachi Plant,JAPAN,AICHI,,JZZ31L,,,,300.0,JT8JZ31C3S0027991
JT8JZ31C3S0028039,JT8CD32Z..,JZZ31L-ACPVFA,01/1994 -,Jul-96,JZZ31,N. America,Sep-94,LEXUS,SC300/400,,USA: UNITED STATES OF AMERICA,2JZGE: 3000CC 24-VALVE DOHC EFI,"ATM: AUTOMATIC TRANSMISSION GEAR SHIFT TYPE: 4FC: ATM, 4-SPEED FLOOR SHIFT",1A0,,,,1st Row (Driver and Passenger),2997.0,182.89,3.0,2.0,In-Line,6.0,225.0,227.0,Toyota,2JZ-GE,LEXUS,TOYOTA MOTOR CORPORATION,SC,1995.0,TOYOTA CITY,Toyota Motor Corporation - Motomachi Plant,JAPAN,AICHI,,JZZ31L,,,,300.0,JT8JZ31C3S0028039
JT8JZ31C4N0002134,JT8JZ31C..,JZZ31L-ACPVFA,08/1991 -,Dec-93,JZZ31,N. America,Sep-91,LEXUS,SC300/400,,USA: UNITED STATES OF AMERICA,2JZGE: 3000CC 24-VALVE DOHC EFI,"ATM: AUTOMATIC TRANSMISSION GEAR SHIFT TYPE: 4FC: ATM, 4-SPEED FLOOR SHIFT",51,,,,Driver Seat Only,2997.0,182.89,3.0,2.0,In-Line,6.0,217.0,227.0,Toyota,2JZ-GE,LEXUS,TOYOTA MOTOR CORPORATION,SC,1992.0,TOYOTA CITY,Toyota Motor Corporation - Motomachi Plant,JAPAN,AICHI,,,,,,300.0,JT8JZ31C4N0002134
JT8JZ31C4N0008449,JT8JZ31C..,JZZ31L-ACPVFA,08/1991 -,Dec-93,JZZ31,N. America,Jun-92,LEXUS,SC300/400,,USA: UNITED STATES OF AMERICA,2JZGE: 3000CC 24-VALVE DOHC EFI,"ATM: AUTOMATIC TRANSMISSION GEAR SHIFT TYPE: 4FC: ATM, 4-SPEED FLOOR SHIFT",202,,,,Driver Seat Only,2997.0,182.89,3.0,2.0,In-Line,6.0,217.0,227.0,Toyota,2JZ-GE,LEXUS,TOYOTA MOTOR CORPORATION,SC,1992.0,TOYOTA CITY,Toyota Motor Corporation - Motomachi Plant,JAPAN,AICHI,,,,,,300.0,JT8JZ31C4N0008449
JT8JZ31C4P0013329,JT8JZ31C..,JZZ31L-ACPVFA,08/1991 -,Dec-93,JZZ31,N. America,Jan-93,LEXUS,SC300/400,,USA: UNITED STATES OF AMERICA,2JZGE: 3000CC 24-VALVE DOHC EFI,"ATM: AUTOMATIC TRANSMISSION GEAR SHIFT TYPE: 4FC: ATM, 4-SPEED FLOOR SHIFT",4K9,,,,1st Row (Driver and Passenger),2997.0,182.89,3.0,2.0,In-Line,6.0,225.0,227.0,Toyota,2JZ-GE,LEXUS,TOYOTA MOTOR CORPORATION,SC,1993.0,TOYOTA CITY,Toyota Motor Corporation - Motomachi Plant,JAPAN,AICHI,,,,,,300.0,JT8JZ31C4P0013329
JT8JZ31C4P0015355,JT8JZ31C..,JZZ31L-ACPVFA,08/1991 -,Dec-93,JZZ31,N. America,May-93,LEXUS,SC300/400,,USA: UNITED STATES OF AMERICA,2JZGE: 3000CC 24-VALVE DOHC EFI,"ATM: AUTOMATIC TRANSMISSION GEAR SHIFT TYPE: 4FC: ATM, 4-SPEED FLOOR SHIFT",51,,,,1st Row (Driver and Passenger),2997.0,182.89,3.0,2.0,In-Line,6.0,225.0,227.0,Toyota,2JZ-GE,LEXUS,TOYOTA MOTOR CORPORATION,SC,1993.0,TOYOTA CITY,Toyota Motor Corporation - Motomachi Plant,JAPAN,AICHI,,,,,,300.0,JT8JZ31C4P0015355
JT8JZ31C4P0015808,JT8JZ31C..,JZZ31L-ACPVFA,08/1991 -,Dec-93,JZZ31,N. America,May-93,LEXUS,SC300/400,,USA: UNITED STATES OF AMERICA,2JZGE: 3000CC 24-VALVE DOHC EFI,"ATM: AUTOMATIC TRANSMISSION GEAR SHIFT TYPE: 4FC: ATM, 4-SPEED FLOOR SHIFT",6M2,,,,1st Row (Driver and Passenger),2997.0,182.89,3.0,2.0,In-Line,6.0,225.0,227.0,Toyota,2JZ-GE,LEXUS,TOYOTA MOTOR CORPORATION,SC,1993.0,TOYOTA CITY,Toyota Motor Corporation - Motomachi Plant,JAPAN,AICHI,,,,,,300.0,JT8JZ31C4P0015808
JT8JZ31C4S0027451,JT8CD32Z..,JZZ31L-ACPVFA,01/1994 -,Jul-96,JZZ31,N. America,Sep-94,LEXUS,SC300/400,,USA: UNITED STATES OF AMERICA,2JZGE: 3000CC 24-VALVE DOHC EFI,"ATM: AUTOMATIC TRANSMISSION GEAR SHIFT TYPE: 4FC: ATM, 4-SPEED FLOOR SHIFT",51,,,,1st Row (Driver and Passenger),2997.0,182.89,3.0,2.0,In-Line,6.0,225.0,227.0,Toyota,2JZ-GE,LEXUS,TOYOTA MOTOR CORPORATION,SC,1995.0,TOYOTA CITY,Toyota Motor Corporation - Motomachi Plant,JAPAN,AICHI,,JZZ31L,,,,300.0,JT8JZ31C4S0027451
JT8JZ31C4S0028325,JT8CD32Z..,JZZ31L-ACPVFA,01/1994 -,Jul-96,JZZ31,N. America,Oct-94,LEXUS,SC300/400,,USA: UNITED STATES OF AMERICA,2JZGE: 3000CC 24-VALVE DOHC EFI,"ATM: AUTOMATIC TRANSMISSION GEAR SHIFT TYPE: 4FC: ATM, 4-SPEED FLOOR SHIFT",202,,,,1st Row (Driver and Passenger),2997.0,182.89,3.0,2.0,In-Line,6.0,225.0,227.0,Toyota,2JZ-GE,LEXUS,TOYOTA MOTOR CORPORATION,SC,1995.0,TOYOTA CITY,Toyota Motor Corporation - Motomachi Plant,JAPAN,AICHI,,JZZ31L,,,,300.0,JT8JZ31C4S0028325
JT8JZ31C5P0011122,JT8JZ31C..,JZZ31L-ACMVFA,11/1991 -,Dec-93,JZZ31,N. America,Oct-92,LEXUS,SC300/400,,USA: UNITED STATES OF AMERICA,2JZGE: 3000CC 24-VALVE DOHC EFI,"MTM: MANUAL TRANSMISSION GEAR SHIFT TYPE: 5F: MTM, 5-SPEED FLOOR SHIFT",202,,,,1st Row (Driver and Passenger),2997.0,182.89,3.0,2.0,In-Line,6.0,225.0,227.0,Toyota,2JZ-GE,LEXUS,TOYOTA MOTOR CORPORATION,SC,1993.0,TOYOTA CITY,Toyota Motor Corporation - Motomachi Plant,JAPAN,AICHI,,,,,,300.0,JT8JZ31C5P0011122
JT8JZ31C5P0012741,JT8JZ31C..,JZZ31L-ACMVFA,11/1991 -,Dec-93,JZZ31,N. America,Dec-92,LEXUS,SC300/400,,USA: UNITED STATES OF AMERICA,2JZGE: 3000CC 24-VALVE DOHC EFI,"MTM: MANUAL TRANSMISSION GEAR SHIFT TYPE: 5F: MTM, 5-SPEED FLOOR SHIFT",51,,,,1st Row (Driver and Passenger),2997.0,182.89,3.0,2.0,In-Line,6.0,225.0,227.0,Toyota,2JZ-GE,LEXUS,TOYOTA MOTOR CORPORATION,SC,1993.0,TOYOTA CITY,Toyota Motor Corporation - Motomachi Plant,JAPAN,AICHI,,,,,,300.0,JT8JZ31C5P0012741
JT8JZ31C5P0012741,JT8JZ31C..,JZZ31L-ACMVFA,11/1991 -,Dec-93,JZZ31,N. America,Dec-92,LEXUS,SC300/400,,USA: UNITED STATES OF AMERICA,2JZGE: 3000CC 24-VALVE DOHC EFI,"MTM: MANUAL TRANSMISSION GEAR SHIFT TYPE: 5F: MTM, 5-SPEED FLOOR SHIFT",51,,,,1st Row (Driver and Passenger),2997.0,182.89,3.0,2.0,In-Line,6.0,225.0,227.0,Toyota,2JZ-GE,LEXUS,TOYOTA MOTOR CORPORATION,SC,1993.0,TOYOTA CITY,Toyota Motor Corporation - Motomachi Plant,JAPAN,AICHI,,,,,,300.0,JT8JZ31C5P0012741
JT8JZ31C5P0012741,JT8JZ31C..,JZZ31L-ACMVFA,11/1991 -,Dec-93,JZZ31,N. America,Dec-92,LEXUS,SC300/400,,USA: UNITED STATES OF AMERICA,2JZGE: 3000CC 24-VALVE DOHC EFI,"MTM: MANUAL TRANSMISSION GEAR SHIFT TYPE: 5F: MTM, 5-SPEED FLOOR SHIFT",51,,,,1st Row (Driver and Passenger),2997.0,182.89,3.0,2.0,In-Line,6.0,225.0,227.0,Toyota,2JZ-GE,LEXUS,TOYOTA MOTOR CORPORATION,SC,1993.0,TOYOTA CITY,Toyota Motor Corporation - Motomachi Plant,JAPAN,AICHI,,,,,,300.0,JT8JZ31C5P0012741
JT8JZ31C5P0012741,JT8JZ31C..,JZZ31L-ACMVFA,11/1991 -,Dec-93,JZZ31,N. America,Dec-92,LEXUS,SC300/400,,USA: UNITED STATES OF AMERICA,2JZGE: 3000CC 24-VALVE DOHC EFI,"MTM: MANUAL TRANSMISSION GEAR SHIFT TYPE: 5F: MTM, 5-SPEED FLOOR SHIFT",51,,,,1st Row (Driver and Passenger),2997.0,182.89,3.0,2.0,In-Line,6.0,225.0,227.0,Toyota,2JZ-GE,LEXUS,TOYOTA MOTOR CORPORATION,SC,1993.0,TOYOTA CITY,Toyota Motor Corporation - Motomachi Plant,JAPAN,AICHI,,,,,,300.0,JT8JZ31C5P0012741
JT8JZ31C6N0004290,JT8JZ31C..,JZZ31L-ACMVFA,11/1991 -,Dec-93,JZZ31,N. America,Dec-91,LEXUS,SC300/400,,USA: UNITED STATES OF AMERICA,2JZGE: 3000CC 24-VALVE DOHC EFI,"MTM: MANUAL TRANSMISSION GEAR SHIFT TYPE: 5F: MTM, 5-SPEED FLOOR SHIFT",6M3,,,,Driver Seat Only,2997.0,182.89,3.0,2.0,In-Line,6.0,217.0,227.0,Toyota,2JZ-GE,LEXUS,TOYOTA MOTOR CORPORATION,SC,1992.0,TOYOTA CITY,Toyota Motor Corporation - Motomachi Plant,JAPAN,AICHI,,,,,,300.0,JT8JZ31C6N0004290
JT8JZ31C6S0025068,JT8CD32Z..,JZZ31L-ACMVFA,01/1994 -,Jul-96,JZZ31,N. America,Jun-94,LEXUS,SC300/400,,USA: UNITED STATES OF AMERICA,2JZGE: 3000CC 24-VALVE DOHC EFI,"MTM: MANUAL TRANSMISSION GEAR SHIFT TYPE: 5F: MTM, 5-SPEED FLOOR SHIFT",6N1,,,,1st Row (Driver and Passenger),2997.0,182.89,3.0,2.0,In-Line,6.0,225.0,227.0,Toyota,2JZ-GE,LEXUS,TOYOTA MOTOR CORPORATION,SC,1995.0,TOYOTA CITY,Toyota Motor Corporation - Motomachi Plant,JAPAN,AICHI,,JZZ31L,,,,300.0,JT8JZ31C6S0025068
JT8JZ31C6S0028682,JT8CD32Z..,JZZ31L-ACPVFA,01/1994 -,Jul-96,JZZ31,N. America,Oct-94,LEXUS,SC300/400,,USA: UNITED STATES OF AMERICA,2JZGE: 3000CC 24-VALVE DOHC EFI,"ATM: AUTOMATIC TRANSMISSION GEAR SHIFT TYPE: 4FC: ATM, 4-SPEED FLOOR SHIFT",1A0,,,,1st Row (Driver and Passenger),2997.0,182.89,3.0,2.0,In-Line,6.0,225.0,227.0,Toyota,2JZ-GE,LEXUS,TOYOTA MOTOR CORPORATION,SC,1995.0,TOYOTA CITY,Toyota Motor Corporation - Motomachi Plant,JAPAN,AICHI,,JZZ31L,,,,300.0,JT8JZ31C6S0028682
JT8JZ31C7P0011347,JT8JZ31C..,JZZ31L-ACPVFA,08/1991 -,Dec-93,JZZ31,N. America,Oct-92,LEXUS,SC300/400,,USA: UNITED STATES OF AMERICA,2JZGE: 3000CC 24-VALVE DOHC EFI,"ATM: AUTOMATIC TRANSMISSION GEAR SHIFT TYPE: 4FC: ATM, 4-SPEED FLOOR SHIFT",4K9,,,,1st Row (Driver and Passenger),2997.0,182.89,3.0,2.0,In-Line,6.0,225.0,227.0,Toyota,2JZ-GE,LEXUS,TOYOTA MOTOR CORPORATION,SC,1993.0,TOYOTA CITY,Toyota Motor Corporation - Motomachi Plant,JAPAN,AICHI,,,,,,300.0,JT8JZ31C7P0011347
JT8JZ31C7P0013874,JT8JZ31C..,JZZ31L-ACPVFA,08/1991 -,Dec-93,JZZ31,N. America,Feb-93,LEXUS,SC300/400,,USA: UNITED STATES OF AMERICA,2JZGE: 3000CC 24-VALVE DOHC EFI,"ATM: AUTOMATIC TRANSMISSION GEAR SHIFT TYPE: 4FC: ATM, 4-SPEED FLOOR SHIFT",51,,,,1st Row (Driver and Passenger),2997.0,182.89,3.0,2.0,In-Line,6.0,225.0,227.0,Toyota,2JZ-GE,LEXUS,TOYOTA MOTOR CORPORATION,SC,1993.0,TOYOTA CITY,Toyota Motor Corporation - Motomachi Plant,JAPAN,AICHI,,,,,,300.0,JT8JZ31C7P0013874
JT8JZ31C7S0020817,JT8CD32Z..,JZZ31L-ACMVFA,01/1994 -,Jul-96,JZZ31,N. America,Feb-94,LEXUS,SC300/400,,USA: UNITED STATES OF AMERICA,2JZGE: 3000CC 24-VALVE DOHC EFI,"MTM: MANUAL TRANSMISSION GEAR SHIFT TYPE: 5F: MTM, 5-SPEED FLOOR SHIFT",3L2,,,,1st Row (Driver and Passenger),2997.0,182.89,3.0,2.0,In-Line,6.0,225.0,227.0,Toyota,2JZ-GE,LEXUS,TOYOTA MOTOR CORPORATION,SC,1995.0,TOYOTA CITY,Toyota Motor Corporation - Motomachi Plant,JAPAN,AICHI,,JZZ31L,,,,300.0,JT8JZ31C7S0020817
JT8JZ31C7S0030196,JT8CD32Z..,JZZ31L-ACMVFA,01/1994 -,Jul-96,JZZ31,N. America,Jan-95,LEXUS,SC300/400,,USA: UNITED STATES OF AMERICA,2JZGE: 3000CC 24-VALVE DOHC EFI,"MTM: MANUAL TRANSMISSION GEAR SHIFT TYPE: 5F: MTM, 5-SPEED FLOOR SHIFT",6N1,,,,1st Row (Driver and Passenger),2997.0,182.89,3.0,2.0,In-Line,6.0,225.0,227.0,Toyota,2JZ-GE,LEXUS,TOYOTA MOTOR CORPORATION,SC,1995.0,TOYOTA CITY,Toyota Motor Corporation - Motomachi Plant,JAPAN,AICHI,,JZZ31L,,,,300.0,JT8JZ31C7S0030196
JT8JZ31C8N0001522,JT8JZ31C..,JZZ31L-ACPVFA,08/1991 -,Dec-93,JZZ31,N. America,Sep-91,LEXUS,SC300/400,,USA: UNITED STATES OF AMERICA,2JZGE: 3000CC 24-VALVE DOHC EFI,"ATM: AUTOMATIC TRANSMISSION GEAR SHIFT TYPE: 4FC: ATM, 4-SPEED FLOOR SHIFT",6M2,,,,Driver Seat Only,2997.0,182.89,3.0,2.0,In-Line,6.0,217.0,227.0,Toyota,2JZ-GE,LEXUS,TOYOTA MOTOR CORPORATION,SC,1992.0,TOYOTA CITY,Toyota Motor Corporation - Motomachi Plant,JAPAN,AICHI,,,,,,300.0,JT8JZ31C8N0001522
JT8JZ31C8N0006865,,,,,,,,,,,,,,,,,,Driver Seat Only,2997.0,182.89,3.0,2.0,In-Line,6.0,217.0,227.0,Toyota,2JZ-GE,LEXUS,TOYOTA MOTOR CORPORATION,SC,1992.0,TOYOTA CITY,Toyota Motor Corporation - Motomachi Plant,JAPAN,AICHI,,,,,,300.0,JT8JZ31C8N0006865
JT8JZ31C8N0006865,JT8JZ31C..,JZZ31L-ACMVFA,11/1991 -,Dec-93,JZZ31,N. America,Apr-92,LEXUS,SC300/400,,USA: UNITED STATES OF AMERICA,2JZGE: 3000CC 24-VALVE DOHC EFI,"MTM: MANUAL TRANSMISSION GEAR SHIFT TYPE: 5F: MTM, 5-SPEED FLOOR SHIFT",202,,,,,,,,,,,,,,,,,,,,,,,,,,,,,
JT8JZ31C90028644,JT8CD32Z..,JZZ31L-ACPVFA,01/1994 -,Jul-96,JZZ31,N. America,Oct-94,LEXUS,SC300/400,,USA: UNITED STATES OF AMERICA,2JZGE: 3000CC 24-VALVE DOHC EFI,"ATM: AUTOMATIC TRANSMISSION GEAR SHIFT TYPE: 4FC: ATM, 4-SPEED FLOOR SHIFT",1A0,,,,,,,,,,,,,,,,,,,,,,,,,,,,,
JT8JZ31C9N0005630,JT8JZ31C..,JZZ31L-ACMVFA,11/1991 -,Dec-93,JZZ31,N. America,Feb-92,LEXUS,SC300/400,,USA: UNITED STATES OF AMERICA,2JZGE: 3000CC 24-VALVE DOHC EFI,"MTM: MANUAL TRANSMISSION GEAR SHIFT TYPE: 5F: MTM, 5-SPEED FLOOR SHIFT",4K9,,,,Driver Seat Only,2997.0,182.89,3.0,2.0,In-Line,6.0,217.0,227.0,Toyota,2JZ-GE,LEXUS,TOYOTA MOTOR CORPORATION,SC,1992.0,TOYOTA CITY,Toyota Motor Corporation - Motomachi Plant,JAPAN,AICHI,,,,,,300.0,JT8JZ31C9N0005630
JT8JZ31C9N0005630,JT8JZ31C..,JZZ31L-ACMVFA,11/1991 -,Dec-93,JZZ31,N. America,Feb-92,LEXUS,SC300/400,,USA: UNITED STATES OF AMERICA,2JZGE: 3000CC 24-VALVE DOHC EFI,"MTM: MANUAL TRANSMISSION GEAR SHIFT TYPE: 5F: MTM, 5-SPEED FLOOR SHIFT",4K9,,,,Driver Seat Only,2997.0,182.89,3.0,2.0,In-Line,6.0,217.0,227.0,Toyota,2JZ-GE,LEXUS,TOYOTA MOTOR CORPORATION,SC,1992.0,TOYOTA CITY,Toyota Motor Corporation - Motomachi Plant,JAPAN,AICHI,,,,,,300.0,JT8JZ31C9N0005630
JT8JZ31C9N0005630,JT8JZ31C..,JZZ31L-ACMVFA,11/1991 -,Dec-93,JZZ31,N. America,Feb-92,LEXUS,SC300/400,,USA: UNITED STATES OF AMERICA,2JZGE: 3000CC 24-VALVE DOHC EFI,"MTM: MANUAL TRANSMISSION GEAR SHIFT TYPE: 5F: MTM, 5-SPEED FLOOR SHIFT",4K9,,,,Driver Seat Only,2997.0,182.89,3.0,2.0,In-Line,6.0,217.0,227.0,Toyota,2JZ-GE,LEXUS,TOYOTA MOTOR CORPORATION,SC,1992.0,TOYOTA CITY,Toyota Motor Corporation - Motomachi Plant,JAPAN,AICHI,,,,,,300.0,JT8JZ31C9N0005630
JT8JZ31C9N0005630,JT8JZ31C..,JZZ31L-ACMVFA,11/1991 -,Dec-93,JZZ31,N. America,Feb-92,LEXUS,SC300/400,,USA: UNITED STATES OF AMERICA,2JZGE: 3000CC 24-VALVE DOHC EFI,"MTM: MANUAL TRANSMISSION GEAR SHIFT TYPE: 5F: MTM, 5-SPEED FLOOR SHIFT",4K9,,,,Driver Seat Only,2997.0,182.89,3.0,2.0,In-Line,6.0,217.0,227.0,Toyota,2JZ-GE,LEXUS,TOYOTA MOTOR CORPORATION,SC,1992.0,TOYOTA CITY,Toyota Motor Corporation - Motomachi Plant,JAPAN,AICHI,,,,,,300.0,JT8JZ31C9N0005630
JT8JZ31C9N0008009,JT8JZ31C..,JZZ31L-ACMVFA,11/1991 -,Dec-93,JZZ31,N. America,May-92,LEXUS,SC300/400,,USA: UNITED STATES OF AMERICA,2JZGE: 3000CC 24-VALVE DOHC EFI,"MTM: MANUAL TRANSMISSION GEAR SHIFT TYPE: 5F: MTM, 5-SPEED FLOOR SHIFT",202,,,,Driver Seat Only,2997.0,182.89,3.0,2.0,In-Line,6.0,217.0,227.0,Toyota,2JZ-GE,LEXUS,TOYOTA MOTOR CORPORATION,SC,1992.0,TOYOTA CITY,Toyota Motor Corporation - Motomachi Plant,JAPAN,AICHI,,,,,,300.0,JT8JZ31C9N0008009
JT8JZ31C9P016887,,,,,,N. America,Dec-00,LEXUS,SC300/400,,,,,,,,,1st Row (Driver and Passenger),2997.0,182.89,3.0,2.0,In-Line,6.0,225.0,227.0,Toyota,2JZ-GE,LEXUS,TOYOTA MOTOR CORPORATION,SC,1993.0,TOYOTA CITY,Toyota Motor Corporation - Motomachi Plant,JAPAN,AICHI,,,,,,300.0,JT8JZ31C9P016887
JT8JZ31C9R0017461,JT8JZ31C..,JZZ31L-ACPVFA,08/1991 -,Dec-93,JZZ31,N. America,Aug-93,LEXUS,SC300/400,,USA: UNITED STATES OF AMERICA,2JZGE: 3000CC 24-VALVE DOHC EFI,"ATM: AUTOMATIC TRANSMISSION GEAR SHIFT TYPE: 4FC: ATM, 4-SPEED FLOOR SHIFT",8J5,,,,1st Row (Driver and Passenger),2997.0,182.89,3.0,2.0,In-Line,6.0,225.0,227.0,Toyota,2JZ-GE,LEXUS,TOYOTA MOTOR CORPORATION,SC,1994.0,TOYOTA CITY,Toyota Motor Corporation - Motomachi Plant,JAPAN,AICHI,,,,,,300.0,JT8JZ31C9R0017461
JT8JZ31CXP0011620,JT8JZ31C..,JZZ31L-ACMVFA,11/1991 -,Dec-93,JZZ31,N. America,Oct-92,LEXUS,SC300/400,,USA: UNITED STATES OF AMERICA,2JZGE: 3000CC 24-VALVE DOHC EFI,"MTM: MANUAL TRANSMISSION GEAR SHIFT TYPE: 5F: MTM, 5-SPEED FLOOR SHIFT",51,,,,1st Row (Driver and Passenger),2997.0,182.89,3.0,2.0,In-Line,6.0,225.0,227.0,Toyota,2JZ-GE,LEXUS,TOYOTA MOTOR CORPORATION,SC,1993.0,TOYOTA CITY,Toyota Motor Corporation - Motomachi Plant,JAPAN,AICHI,,,,,,300.0,JT8JZ31CXP0011620
JT8JZ31CXP0012282,JT8JZ31C..,JZZ31L-ACMVFA,11/1991 -,Dec-93,JZZ31,N. America,Nov-92,LEXUS,SC300/400,,USA: UNITED STATES OF AMERICA,2JZGE: 3000CC 24-VALVE DOHC EFI,"MTM: MANUAL TRANSMISSION GEAR SHIFT TYPE: 5F: MTM, 5-SPEED FLOOR SHIFT",4K9,,,,1st Row (Driver and Passenger),2997.0,182.89,3.0,2.0,In-Line,6.0,225.0,227.0,Toyota,2JZ-GE,LEXUS,TOYOTA MOTOR CORPORATION,SC,1993.0,TOYOTA CITY,Toyota Motor Corporation - Motomachi Plant,JAPAN,AICHI,,,,,,300.0,JT8JZ31CXP0012282
JT8UZ30C0N0010567,JT8UZ30C..,UZZ30L-ACPZKA,04/1991 -,Dec-93,UZZ30,N. America,Oct-91,LEXUS,SC300/400,,USA: UNITED STATES OF AMERICA,1UZFE: 4000CC 32-VALVE DOHC EFI,"ATM: AUTOMATIC TRANSMISSION GEAR SHIFT TYPE: 4FC: ATM, 4-SPEED FLOOR SHIFT",6M3,,,,Driver Seat Only,3969.0,242.2,4.0,2.0,V-Shaped,8.0,250.0,300.0,Toyota,1UZ-FE,LEXUS,TOYOTA MOTOR CORPORATION,SC,1992.0,TOYOTA CITY,Toyota Motor Corporation - Motomachi Plant,JAPAN,AICHI,,,,4.0,Automatic,400.0,JT8UZ30C0N0010567
JT8UZ30C0P0030112,JT8UZ30C..,UZZ30L-ACPZKA,04/1991 -,Dec-93,UZZ30,N. America,Feb-93,LEXUS,SC300/400,,USA: UNITED STATES OF AMERICA,1UZFE: 4000CC 32-VALVE DOHC EFI,"ATM: AUTOMATIC TRANSMISSION GEAR SHIFT TYPE: 4FC: ATM, 4-SPEED FLOOR SHIFT",4K9,,,,1st Row (Driver and Passenger),3969.0,242.2,4.0,2.0,V-Shaped,8.0,250.0,300.0,Toyota,1UZ-FE,LEXUS,TOYOTA MOTOR CORPORATION,SC,1993.0,TOYOTA CITY,Toyota Motor Corporation - Motomachi Plant,JAPAN,AICHI,,,,4.0,Automatic,400.0,JT8UZ30C0P0030112
JT8UZ30C0S0044956,JT8UZ30C..,UZZ30L-ACPZKA,01/1994 -,Jul-96,UZZ30,N. America,Aug-94,LEXUS,SC300/400,,USA: UNITED STATES OF AMERICA,1UZFE: 4000CC 32-VALVE DOHC EFI,"ATM: AUTOMATIC TRANSMISSION GEAR SHIFT TYPE: 4FC: ATM, 4-SPEED FLOOR SHIFT",51,,,,1st Row (Driver and Passenger),3969.0,242.2,3.0,2.0,In-Line,6.0,250.0,300.0,Toyota,1UZ-FE,LEXUS,TOYOTA MOTOR CORPORATION,SC,1995.0,TOYOTA CITY,Toyota Motor Corporation - Motomachi Plant,JAPAN,AICHI,,UZZ30L,,,,400.0,JT8UZ30C0S0044956
JT8UZ30C1P0031429,JT8UZ30C..,UZZ30L-ACPZKA,04/1991 -,Dec-93,UZZ30,N. America,Mar-93,LEXUS,SC300/400,,USA: UNITED STATES OF AMERICA,1UZFE: 4000CC 32-VALVE DOHC EFI,"ATM: AUTOMATIC TRANSMISSION GEAR SHIFT TYPE: 4FC: ATM, 4-SPEED FLOOR SHIFT",202,,,,1st Row (Driver and Passenger),3969.0,242.2,4.0,2.0,V-Shaped,8.0,250.0,300.0,Toyota,1UZ-FE,LEXUS,TOYOTA MOTOR CORPORATION,SC,1993.0,TOYOTA CITY,Toyota Motor Corporation - Motomachi Plant,JAPAN,AICHI,,,,4.0,Automatic,400.0,JT8UZ30C1P0031429
JT8UZ30C1R0037587,JT8UZ30C..,UZZ30L-ACPZKA,04/1991 -,Dec-93,UZZ30,N. America,Oct-93,LEXUS,SC300/400,,USA: UNITED STATES OF AMERICA,1UZFE: 4000CC 32-VALVE DOHC EFI,"ATM: AUTOMATIC TRANSMISSION GEAR SHIFT TYPE: 4FC: ATM, 4-SPEED FLOOR SHIFT",6M2,,,,1st Row (Driver and Passenger),3969.0,242.2,4.0,2.0,V-Shaped,8.0,250.0,300.0,Toyota,1UZ-FE,LEXUS,TOYOTA MOTOR CORPORATION,SC,1994.0,TOYOTA CITY,Toyota Motor Corporation - Motomachi Plant,JAPAN,AICHI,,,,4.0,Automatic,400.0,JT8UZ30C1R0037587
JT8UZ30C1S0048854,JT8UZ30C..,UZZ30L-ACPZKA,01/1994 -,Jul-96,UZZ30,N. America,Apr-95,LEXUS,SC300/400,,USA: UNITED STATES OF AMERICA,1UZFE: 4000CC 32-VALVE DOHC EFI,"ATM: AUTOMATIC TRANSMISSION GEAR SHIFT TYPE: 4FC: ATM, 4-SPEED FLOOR SHIFT",752,,,,1st Row (Driver and Passenger),3969.0,242.2,3.0,2.0,In-Line,6.0,250.0,300.0,Toyota,1UZ-FE,LEXUS,TOYOTA MOTOR CORPORATION,SC,1995.0,TOYOTA CITY,Toyota Motor Corporation - Motomachi Plant,JAPAN,AICHI,,UZZ30L,,,,400.0,JT8UZ30C1S0048854
JT8UZ30C2P0033545,JT8UZ30C..,UZZ30L-ACPZKA,04/1991 -,Dec-93,UZZ30,N. America,May-93,LEXUS,SC300/400,,USA: UNITED STATES OF AMERICA,1UZFE: 4000CC 32-VALVE DOHC EFI,"ATM: AUTOMATIC TRANSMISSION GEAR SHIFT TYPE: 4FC: ATM, 4-SPEED FLOOR SHIFT",51,,,,1st Row (Driver and Passenger),3969.0,242.2,4.0,2.0,V-Shaped,8.0,250.0,300.0,Toyota,1UZ-FE,LEXUS,TOYOTA MOTOR CORPORATION,SC,1993.0,TOYOTA CITY,Toyota Motor Corporation - Motomachi Plant,JAPAN,AICHI,,,,4.0,Automatic,400.0,JT8UZ30C2P0033545
JT8UZ30C2R0035475,JT8UZ30C..,UZZ30L-ACPZKA,04/1991 -,Dec-93,UZZ30,N. America,Aug-93,LEXUS,SC300/400,,USA: UNITED STATES OF AMERICA,1UZFE: 4000CC 32-VALVE DOHC EFI,"ATM: AUTOMATIC TRANSMISSION GEAR SHIFT TYPE: 4FC: ATM, 4-SPEED FLOOR SHIFT",51,,,,1st Row (Driver and Passenger),3969.0,242.2,4.0,2.0,V-Shaped,8.0,250.0,300.0,Toyota,1UZ-FE,LEXUS,TOYOTA MOTOR CORPORATION,SC,1994.0,TOYOTA CITY,Toyota Motor Corporation - Motomachi Plant,JAPAN,AICHI,,,,4.0,Automatic,400.0,JT8UZ30C2R0035475
JT8UZ30C2R0035623,JT8UZ30C..,UZZ30L-ACPZKA,04/1991 -,Dec-93,UZZ30,N. America,Aug-93,LEXUS,SC300/400,,USA: UNITED STATES OF AMERICA,1UZFE: 4000CC 32-VALVE DOHC EFI,"ATM: AUTOMATIC TRANSMISSION GEAR SHIFT TYPE: 4FC: ATM, 4-SPEED FLOOR SHIFT",6M3,,,,1st Row (Driver and Passenger),3969.0,242.2,4.0,2.0,V-Shaped,8.0,250.0,300.0,Toyota,1UZ-FE,LEXUS,TOYOTA MOTOR CORPORATION,SC,1994.0,TOYOTA CITY,Toyota Motor Corporation - Motomachi Plant,JAPAN,AICHI,,,,4.0,Automatic,400.0,JT8UZ30C2R0035623
JT8UZ30C2S0039709,JT8UZ30C..,UZZ30L-ACPZKA,01/1994 -,Jul-96,UZZ30,N. America,Jan-94,LEXUS,SC300/400,,USA: UNITED STATES OF AMERICA,1UZFE: 4000CC 32-VALVE DOHC EFI,"ATM: AUTOMATIC TRANSMISSION GEAR SHIFT TYPE: 4FC: ATM, 4-SPEED FLOOR SHIFT",202,,,,1st Row (Driver and Passenger),3969.0,242.2,3.0,2.0,In-Line,6.0,250.0,300.0,Toyota,1UZ-FE,LEXUS,TOYOTA MOTOR CORPORATION,SC,1995.0,TOYOTA CITY,Toyota Motor Corporation - Motomachi Plant,JAPAN,AICHI,,UZZ30L,,,,400.0,JT8UZ30C2S0039709
JT8UZ30C3N0014600,JT8UZ30C..,UZZ30L-ACPZKA,04/1991 -,Dec-93,UZZ30,N. America,Dec-91,LEXUS,SC300/400,,USA: UNITED STATES OF AMERICA,1UZFE: 4000CC 32-VALVE DOHC EFI,"ATM: AUTOMATIC TRANSMISSION GEAR SHIFT TYPE: 4FC: ATM, 4-SPEED FLOOR SHIFT",202,,,,Driver Seat Only,3969.0,242.2,4.0,2.0,V-Shaped,8.0,250.0,300.0,Toyota,1UZ-FE,LEXUS,TOYOTA MOTOR CORPORATION,SC,1992.0,TOYOTA CITY,Toyota Motor Corporation - Motomachi Plant,JAPAN,AICHI,,,,4.0,Automatic,400.0,JT8UZ30C3N0014600
JT8UZ30C3N0015732,JT8UZ30C..,UZZ30L-ACPZKA,04/1991 -,Dec-93,UZZ30,N. America,Jan-92,LEXUS,SC300/400,,USA: UNITED STATES OF AMERICA,1UZFE: 4000CC 32-VALVE DOHC EFI,"ATM: AUTOMATIC TRANSMISSION GEAR SHIFT TYPE: 4FC: ATM, 4-SPEED FLOOR SHIFT",51,,,,Driver Seat Only,3969.0,242.2,4.0,2.0,V-Shaped,8.0,250.0,300.0,Toyota,1UZ-FE,LEXUS,TOYOTA MOTOR CORPORATION,SC,1992.0,TOYOTA CITY,Toyota Motor Corporation - Motomachi Plant,JAPAN,AICHI,,,,4.0,Automatic,400.0,JT8UZ30C3N0015732
JT8UZ30C4N0022107,JT8UZ30C..,UZZ30L-ACPZKA,04/1991 -,Dec-93,UZZ30,N. America,Jun-92,LEXUS,SC300/400,,USA: UNITED STATES OF AMERICA,1UZFE: 4000CC 32-VALVE DOHC EFI,"ATM: AUTOMATIC TRANSMISSION GEAR SHIFT TYPE: 4FC: ATM, 4-SPEED FLOOR SHIFT",8J5,,,,Driver Seat Only,3969.0,242.2,4.0,2.0,V-Shaped,8.0,250.0,300.0,Toyota,1UZ-FE,LEXUS,TOYOTA MOTOR CORPORATION,SC,1992.0,TOYOTA CITY,Toyota Motor Corporation - Motomachi Plant,JAPAN,AICHI,,,,4.0,Automatic,400.0,JT8UZ30C4N0022107
JT8UZ30C4S0043289,JT8UZ30C..,UZZ30L-ACPZKA,01/1994 -,Jul-96,UZZ30,N. America,Jun-94,LEXUS,SC300/400,,USA: UNITED STATES OF AMERICA,1UZFE: 4000CC 32-VALVE DOHC EFI,"ATM: AUTOMATIC TRANSMISSION GEAR SHIFT TYPE: 4FC: ATM, 4-SPEED FLOOR SHIFT",1A0,,,,1st Row (Driver and Passenger),3969.0,242.2,3.0,2.0,In-Line,6.0,250.0,300.0,Toyota,1UZ-FE,LEXUS,TOYOTA MOTOR CORPORATION,SC,1995.0,TOYOTA CITY,Toyota Motor Corporation - Motomachi Plant,JAPAN,AICHI,,UZZ30L,,,,400.0,JT8UZ30C4S0043289
JT8UZ30C4S0043485,JT8UZ30C..,UZZ30L-ACPZKA,01/1994 -,Jul-96,UZZ30,N. America,Jun-94,LEXUS,SC300/400,,USA: UNITED STATES OF AMERICA,1UZFE: 4000CC 32-VALVE DOHC EFI,"ATM: AUTOMATIC TRANSMISSION GEAR SHIFT TYPE: 4FC: ATM, 4-SPEED FLOOR SHIFT",6N1,,,,1st Row (Driver and Passenger),3969.0,242.2,3.0,2.0,In-Line,6.0,250.0,300.0,Toyota,1UZ-FE,LEXUS,TOYOTA MOTOR CORPORATION,SC,1995.0,TOYOTA CITY,Toyota Motor Corporation - Motomachi Plant,JAPAN,AICHI,,UZZ30L,,,,400.0,JT8UZ30C4S0043485
JT8UZ30C5P0026783,JT8UZ30C..,UZZ30L-ACPZKA,04/1991 -,Dec-93,UZZ30,N. America,Nov-92,LEXUS,SC300/400,,USA: UNITED STATES OF AMERICA,1UZFE: 4000CC 32-VALVE DOHC EFI,"ATM: AUTOMATIC TRANSMISSION GEAR SHIFT TYPE: 4FC: ATM, 4-SPEED FLOOR SHIFT",3K3,,,,1st Row (Driver and Passenger),3969.0,242.2,4.0,2.0,V-Shaped,8.0,250.0,300.0,Toyota,1UZ-FE,LEXUS,TOYOTA MOTOR CORPORATION,SC,1993.0,TOYOTA CITY,Toyota Motor Corporation - Motomachi Plant,JAPAN,AICHI,,,,4.0,Automatic,400.0,JT8UZ30C5P0026783
JT8UZ30C5P0029604,JT8UZ30C..,UZZ30L-ACPZKA,04/1991 -,Dec-93,UZZ30,N. America,Jan-93,LEXUS,SC300/400,,USA: UNITED STATES OF AMERICA,1UZFE: 4000CC 32-VALVE DOHC EFI,"ATM: AUTOMATIC TRANSMISSION GEAR SHIFT TYPE: 4FC: ATM, 4-SPEED FLOOR SHIFT",6M2,,,,1st Row (Driver and Passenger),3969.0,242.2,4.0,2.0,V-Shaped,8.0,250.0,300.0,Toyota,1UZ-FE,LEXUS,TOYOTA MOTOR CORPORATION,SC,1993.0,TOYOTA CITY,Toyota Motor Corporation - Motomachi Plant,JAPAN,AICHI,,,,4.0,Automatic,400.0,JT8UZ30C5P0029604
JT8UZ30C6P0033922,JT8UZ30C..,UZZ30L-ACPZKA,04/1991 -,Dec-93,UZZ30,N. America,Jun-93,LEXUS,SC300/400,,USA: UNITED STATES OF AMERICA,1UZFE: 4000CC 32-VALVE DOHC EFI,"ATM: AUTOMATIC TRANSMISSION GEAR SHIFT TYPE: 4FC: ATM, 4-SPEED FLOOR SHIFT",51,,,,1st Row (Driver and Passenger),3969.0,242.2,4.0,2.0,V-Shaped,8.0,250.0,300.0,Toyota,1UZ-FE,LEXUS,TOYOTA MOTOR CORPORATION,SC,1993.0,TOYOTA CITY,Toyota Motor Corporation - Motomachi Plant,JAPAN,AICHI,,,,4.0,Automatic,400.0,JT8UZ30C6P0033922
JT8UZ30C7P0025604(1),JT8UZ30C..,UZZ30L-ACPZKA,04/1991 -,Dec-93,UZZ30,N. America,Sep-92,LEXUS,SC300/400,,USA: UNITED STATES OF AMERICA,1UZFE: 4000CC 32-VALVE DOHC EFI,"ATM: AUTOMATIC TRANSMISSION GEAR SHIFT TYPE: 4FC: ATM, 4-SPEED FLOOR SHIFT",202,,,,1st Row (Driver and Passenger),3969.0,242.2,4.0,2.0,V-Shaped,8.0,250.0,300.0,Toyota,1UZ-FE,LEXUS,TOYOTA MOTOR CORPORATION,SC,1993.0,TOYOTA CITY,Toyota Motor Corporation - Motomachi Plant,JAPAN,AICHI,,,,4.0,Automatic,400.0,JT8UZ30C7P0025604
JT8UZ30C7S0040094,JT8UZ30C..,UZZ30L-ACPZKA,01/1994 -,Jul-96,UZZ30,N. America,Feb-94,LEXUS,SC300/400,,USA: UNITED STATES OF AMERICA,1UZFE: 4000CC 32-VALVE DOHC EFI,"ATM: AUTOMATIC TRANSMISSION GEAR SHIFT TYPE: 4FC: ATM, 4-SPEED FLOOR SHIFT",3L2,,,,1st Row (Driver and Passenger),3969.0,242.2,3.0,2.0,In-Line,6.0,250.0,300.0,Toyota,1UZ-FE,LEXUS,TOYOTA MOTOR CORPORATION,SC,1995.0,TOYOTA CITY,Toyota Motor Corporation - Motomachi Plant,JAPAN,AICHI,,UZZ30L,,,,400.0,JT8UZ30C7S0040094
JT8UZ30C7S0048163,JT8UZ30C..,UZZ30L-ACPZKA,01/1994 -,Jul-96,UZZ30,N. America,Feb-95,LEXUS,SC300/400,,USA: UNITED STATES OF AMERICA,1UZFE: 4000CC 32-VALVE DOHC EFI,"ATM: AUTOMATIC TRANSMISSION GEAR SHIFT TYPE: 4FC: ATM, 4-SPEED FLOOR SHIFT",1A0,,,,1st Row (Driver and Passenger),3969.0,242.2,3.0,2.0,In-Line,6.0,250.0,300.0,Toyota,1UZ-FE,LEXUS,TOYOTA MOTOR CORPORATION,SC,1995.0,TOYOTA CITY,Toyota Motor Corporation - Motomachi Plant,JAPAN,AICHI,,UZZ30L,,,,400.0,JT8UZ30C7S0048163
JT8UZ30C8S0046485,JT8UZ30C..,UZZ30L-ACPZKA,01/1994 -,Jul-96,UZZ30,N. America,Nov-94,LEXUS,SC300/400,,USA: UNITED STATES OF AMERICA,1UZFE: 4000CC 32-VALVE DOHC EFI,"ATM: AUTOMATIC TRANSMISSION GEAR SHIFT TYPE: 4FC: ATM, 4-SPEED FLOOR SHIFT",6N1,,,,1st Row (Driver and Passenger),3969.0,242.2,3.0,2.0,In-Line,6.0,250.0,300.0,Toyota,1UZ-FE,LEXUS,TOYOTA MOTOR CORPORATION,SC,1995.0,TOYOTA CITY,Toyota Motor Corporation - Motomachi Plant,JAPAN,AICHI,,UZZ30L,,,,400.0,JT8UZ30C8S0046485
JT8UZ30C9P0032506,JT8UZ30C..,UZZ30L-ACPZKA,04/1991 -,Dec-93,UZZ30,N. America,Apr-93,LEXUS,SC300/400,,USA: UNITED STATES OF AMERICA,1UZFE: 4000CC 32-VALVE DOHC EFI,"ATM: AUTOMATIC TRANSMISSION GEAR SHIFT TYPE: 4FC: ATM, 4-SPEED FLOOR SHIFT",4K9,,,,1st Row (Driver and Passenger),3969.0,242.2,4.0,2.0,V-Shaped,8.0,250.0,300.0,Toyota,1UZ-FE,LEXUS,TOYOTA MOTOR CORPORATION,SC,1993.0,TOYOTA CITY,Toyota Motor Corporation - Motomachi Plant,JAPAN,AICHI,,,,4.0,Automatic,400.0,JT8UZ30C9P0032506
JT8UZ30C9S0045846,JT8CH32Y..,UZZ30L-ACPZKK,01/1994 -,Jul-96,UZZ30,N. America,Oct-94,LEXUS,SC300/400,,CND: CANADA,1UZFE: 4000CC 32-VALVE DOHC EFI,"ATM: AUTOMATIC TRANSMISSION GEAR SHIFT TYPE: 4FC: ATM, 4-SPEED FLOOR SHIFT",3L2,,,,1st Row (Driver and Passenger),3969.0,242.2,3.0,2.0,In-Line,6.0,250.0,300.0,Toyota,1UZ-FE,LEXUS,TOYOTA MOTOR CORPORATION,SC,1995.0,TOYOTA CITY,Toyota Motor Corporation - Motomachi Plant,JAPAN,AICHI,,UZZ30L,,,,400.0,JT8UZ30C9S0045846
JT8UZ30C9S0047743,JT8UZ30C..,UZZ30L-ACPZKA,01/1994 -,Jul-96,UZZ30,N. America,Jan-95,LEXUS,SC300/400,,USA: UNITED STATES OF AMERICA,1UZFE: 4000CC 32-VALVE DOHC EFI,"ATM: AUTOMATIC TRANSMISSION GEAR SHIFT TYPE: 4FC: ATM, 4-SPEED FLOOR SHIFT",4K9,,,,1st Row (Driver and Passenger),3969.0,242.2,3.0,2.0,In-Line,6.0,250.0,300.0,Toyota,1UZ-FE,LEXUS,TOYOTA MOTOR CORPORATION,SC,1995.0,TOYOTA CITY,Toyota Motor Corporation - Motomachi Plant,JAPAN,AICHI,,UZZ30L,,,,400.0,JT8UZ30C9S0047743
JT8UZ30C9S0048326,JT8CH32Y..,UZZ30L-ACPZKK,01/1994 -,Jul-96,UZZ30,N. America,Feb-95,LEXUS,SC300/400,,CND: CANADA,1UZFE: 4000CC 32-VALVE DOHC EFI,"ATM: AUTOMATIC TRANSMISSION GEAR SHIFT TYPE: 4FC: ATM, 4-SPEED FLOOR SHIFT",3L2,,,,1st Row (Driver and Passenger),3969.0,242.2,3.0,2.0,In-Line,6.0,250.0,300.0,Toyota,1UZ-FE,LEXUS,TOYOTA MOTOR CORPORATION,SC,1995.0,TOYOTA CITY,Toyota Motor Corporation - Motomachi Plant,JAPAN,AICHI,,UZZ30L,,,,400.0,JT8UZ30C9S0048326
JT8UZ30C9S0048469,JT8UZ30C..,UZZ30L-ACPZKA,01/1994 -,Jul-96,UZZ30,N. America,Mar-95,LEXUS,SC300/400,,USA: UNITED STATES OF AMERICA,1UZFE: 4000CC 32-VALVE DOHC EFI,"ATM: AUTOMATIC TRANSMISSION GEAR SHIFT TYPE: 4FC: ATM, 4-SPEED FLOOR SHIFT",6N1,,,,1st Row (Driver and Passenger),3969.0,242.2,3.0,2.0,In-Line,6.0,250.0,300.0,Toyota,1UZ-FE,LEXUS,TOYOTA MOTOR CORPORATION,SC,1995.0,TOYOTA CITY,Toyota Motor Corporation - Motomachi Plant,JAPAN,AICHI,,UZZ30L,,,,400.0,JT8UZ30C9S0048469
JT8UZ30CXN0024444,JT8UZ30C..,UZZ30L-ACPZKA,04/1991 -,Dec-93,UZZ30,N. America,Aug-92,LEXUS,SC300/400,,USA: UNITED STATES OF AMERICA,1UZFE: 4000CC 32-VALVE DOHC EFI,"ATM: AUTOMATIC TRANSMISSION GEAR SHIFT TYPE: 4FC: ATM, 4-SPEED FLOOR SHIFT",6M2,,,,Driver Seat Only,3969.0,242.2,4.0,2.0,V-Shaped,8.0,250.0,300.0,Toyota,1UZ-FE,LEXUS,TOYOTA MOTOR CORPORATION,SC,1992.0,TOYOTA CITY,Toyota Motor Corporation - Motomachi Plant,JAPAN,AICHI,,,,4.0,Automatic,400.0,JT8UZ30CXN0024444
JT8UZ30CXP0033292,JT8UZ30C..,UZZ30L-ACPZKA,04/1991 -,Dec-93,UZZ30,N. America,May-93,LEXUS,SC300/400,,USA: UNITED STATES OF AMERICA,1UZFE: 4000CC 32-VALVE DOHC EFI,"ATM: AUTOMATIC TRANSMISSION GEAR SHIFT TYPE: 4FC: ATM, 4-SPEED FLOOR SHIFT",6M2,,,,1st Row (Driver and Passenger),3969.0,242.2,4.0,2.0,V-Shaped,8.0,250.0,300.0,Toyota,1UZ-FE,LEXUS,TOYOTA MOTOR CORPORATION,SC,1993.0,TOYOTA CITY,Toyota Motor Corporation - Motomachi Plant,JAPAN,AICHI,,,,4.0,Automatic,400.0,JT8UZ30CXP0033292
JY8JZ31C4S0020550,,,,,,,,,,,,,,,,,"The Model Year decoded for this VIN may be incorrect. If you know the Model year, please enter it and decode again to get more accurate information.",,,,,,,,,,,,,,,,,,,,,,,,,,JY8JZ31C4S0020550
JZZ30-0005607,067810058..,JZZ30-ACPZZ,05/1991 -,Dec-93,JZZ30,Japan,Jun-91,TOYOTA,SOARER,,JPN: JAPAN,1JZGTE: 2500CC 24-VALVE DOHC EFI TURBO,ATM: AUTOMATIC TRANSMISSION,51,,GTTL: GT TURBO L TYPE,,,,,,,,,,,,,,,,,,,,,,,,,,,
JZZ30-0008547,067810048..,JZZ30-ACMZZ,05/1991 -,Dec-93,JZZ30,Japan,Jul-91,TOYOTA,SOARER,,JPN: JAPAN,1JZGTE: 2500CC 24-VALVE DOHC EFI TURBO,MTM: MANUAL TRANSMISSION,51,,GTTL: GT TURBO L TYPE,,,,,,,,,,,,,,,,,,,,,,,,,,,
JZZ30-0009320,067810108..,JZZ30-ACPVZ,05/1991 -,Nov-00,JZZ30,Japan,Jul-91,TOYOTA,SOARER,,JPN: JAPAN,1JZGTE: 2500CC 24-VALVE DOHC EFI TURBO,ATM: AUTOMATIC TRANSMISSION,4K9,,GTT: GT TURBO TYPE,,,,,,,,,,,,,,,,,,,,,,,,,,,
JZZ30-0010934,067810058..,JZZ30-ACPZZ,05/1991 -,Dec-93,JZZ30,Japan,Aug-91,TOYOTA,SOARER,,JPN: JAPAN,1JZGTE: 2500CC 24-VALVE DOHC EFI TURBO,ATM: AUTOMATIC TRANSMISSION,8J5,,GTTL: GT TURBO L TYPE,,,,,,,,,,,,,,,,,,,,,,,,,,,
JZZ30-0011177,067810108..,JZZ30-ACPVZ,05/1991 -,Nov-00,JZZ30,Japan,Aug-91,TOYOTA,SOARER,,JPN: JAPAN,1JZGTE: 2500CC 24-VALVE DOHC EFI TURBO,ATM: AUTOMATIC TRANSMISSION,6M2,,GTT: GT TURBO TYPE,,,,,,,,,,,,,,,,,,,,,,,,,,,
JZZ30-0019786,067810058..,JZZ30-ACPZZ,05/1991 -,Dec-93,JZZ30,Japan,Mar-92,TOYOTA,SOARER,,JPN: JAPAN,1JZGTE: 2500CC 24-VALVE DOHC EFI TURBO,ATM: AUTOMATIC TRANSMISSION,4K9,,GTTL: GT TURBO L TYPE,,,,,,,,,,,,,,,,,,,,,,,,,,,
JZZ30-0025811,067810058..,JZZ30-ACPZZ,05/1991 -,Dec-93,JZZ30,Japan,Oct-92,TOYOTA,SOARER,,JPN: JAPAN,1JZGTE: 2500CC 24-VALVE DOHC EFI TURBO,ATM: AUTOMATIC TRANSMISSION,51,,GTTL: GT TURBO L TYPE,,,,,,,,,,,,,,,,,,,,,,,,,,,
JZZ30-0031796,067810108..,JZZ30-ACPVZ,05/1991 -,Nov-00,JZZ30,Japan,Apr-94,TOYOTA,SOARER,,JPN: JAPAN,1JZGTE: 2500CC 24-VALVE DOHC EFI TURBO,ATM: AUTOMATIC TRANSMISSION,3L2,,GTT: GT TURBO TYPE,,,,,,,,,,,,,,,,,,,,,,,,,,,
JZZ30-0033972,067810108..,JZZ30-ACPVZ,05/1991 -,Nov-00,JZZ30,Japan,Apr-95,TOYOTA,SOARER,,JPN: JAPAN,1JZGTE: 2500CC 24-VALVE DOHC EFI TURBO,ATM: AUTOMATIC TRANSMISSION,8J5,,GTT: GT TURBO TYPE,,,,,,,,,,,,,,,,,,,,,,,,,,,
JZZ30-0036395,067810108..,JZZ30-ACPVZ,05/1991 -,Nov-00,JZZ30,Japan,Mar-97,TOYOTA,SOARER,,JPN: JAPAN,1JZGTE: 2500CC 24-VALVE DOHC EFI TURBO,ATM: AUTOMATIC TRANSMISSION,202,FD21,GTT: GT TURBO TYPE,,,,,,,,,,,,,,,,,,,,,,,,,,,
JZZ300001260,,,,,,,,,,,,,,,,,,,,,,,,,,,,,,,,,,,,,,,,,,,JZZ300001260
JZZ300005463,067810048..,JZZ30-ACMZZ,05/1991 -,Dec-93,JZZ30,Japan,Jun-91,TOYOTA,SOARER,,JPN: JAPAN,1JZGTE: 2500CC 24-VALVE DOHC EFI TURBO,MTM: MANUAL TRANSMISSION,51,,GTTL: GT TURBO L TYPE,,,,,,,,,,,,,,,,,,,,,,,,,,,JZZ300005463
JZZ300005474,067810108..,JZZ30-ACPVZ,05/1991 -,Nov-00,JZZ30,Japan,Jun-91,TOYOTA,SOARER,,JPN: JAPAN,1JZGTE: 2500CC 24-VALVE DOHC EFI TURBO,ATM: AUTOMATIC TRANSMISSION,51,,GTT: GT TURBO TYPE,,,,,,,,,,,,,,,,,,,,,,,,,,,JZZ300005474
JZZ300008108,067810136..,JZZ30-ACMVZ,05/1991 -,Nov-00,JZZ30,Japan,Jul-91,TOYOTA,SOARER,,JPN: JAPAN,1JZGTE: 2500CC 24-VALVE DOHC EFI TURBO,MTM: MANUAL TRANSMISSION,4K9,,GTT: GT TURBO TYPE,,,,,,,,,,,,,,,,,,,,,,,,,,,JZZ300008108
JZZ300010086,067810136..,JZZ30-ACMVZ,05/1991 -,Nov-00,JZZ30,Japan,Aug-91,TOYOTA,SOARER,,JPN: JAPAN,1JZGTE: 2500CC 24-VALVE DOHC EFI TURBO,MTM: MANUAL TRANSMISSION,4K9,,GTT: GT TURBO TYPE,,,,,,,,,,,,,,,,,,,,,,,,,,,
JZZ300012750,067810108..,JZZ30-ACPVZ,05/1991 -,Nov-00,JZZ30,Japan,Sep-91,TOYOTA,SOARER,,JPN: JAPAN,1JZGTE: 2500CC 24-VALVE DOHC EFI TURBO,ATM: AUTOMATIC TRANSMISSION,6M2,,GTT: GT TURBO TYPE,,,,,,,,,,,,,,,,,,,,,,,,,,,JZZ300012750
JZZ300013392,067810058..,JZZ30-ACPZZ,05/1991 -,Dec-93,JZZ30,Japan,Sep-91,TOYOTA,SOARER,,JPN: JAPAN,1JZGTE: 2500CC 24-VALVE DOHC EFI TURBO,ATM: AUTOMATIC TRANSMISSION,51,,GTTL: GT TURBO L TYPE,,,,,,,,,,,,,,,,,,,,,,,,,,,JZZ300013392
JZZ300014832,067810108..,JZZ30-ACPVZ,05/1991 -,Nov-00,JZZ30,Japan,Oct-91,TOYOTA,SOARER,,JPN: JAPAN,1JZGTE: 2500CC 24-VALVE DOHC EFI TURBO,ATM: AUTOMATIC TRANSMISSION,51,,GTT: GT TURBO TYPE,,,,,,,,,,,,,,,,,,,,,,,,,,,JZZ300014832
JZZ30001874,067810058..,JZZ30-ACPZZ,05/1991 -,Dec-93,JZZ30,Japan,May-91,TOYOTA,SOARER,,JPN: JAPAN,1JZGTE: 2500CC 24-VALVE DOHC EFI TURBO,ATM: AUTOMATIC TRANSMISSION,51,,GTTL: GT TURBO L TYPE,,,,,,,,,,,,,,,,,,,,,,,,,,,JZZ30001874
JZZ300019366,067810048..,JZZ30-ACMZZ,05/1991 -,Dec-93,JZZ30,Japan,Feb-92,TOYOTA,SOARER,,JPN: JAPAN,1JZGTE: 2500CC 24-VALVE DOHC EFI TURBO,MTM: MANUAL TRANSMISSION,6M2,,GTTL: GT TURBO L TYPE,,,,,,,,,,,,,,,,,,,,,,,,,,,JZZ300019366
JZZ300019822,067810058..,JZZ30-ACPZZ,05/1991 -,Dec-93,JZZ30,Japan,Mar-92,TOYOTA,SOARER,,JPN: JAPAN,1JZGTE: 2500CC 24-VALVE DOHC EFI TURBO,ATM: AUTOMATIC TRANSMISSION,6M2,,GTTL: GT TURBO L TYPE,,,,,,,,,,,,,,,,,,,,,,,,,,,JZZ300019822
JZZ300019887,067810136..,JZZ30-ACMVZ,05/1991 -,Nov-00,JZZ30,Japan,Mar-92,TOYOTA,SOARER,,JPN: JAPAN,1JZGTE: 2500CC 24-VALVE DOHC EFI TURBO,MTM: MANUAL TRANSMISSION Search Results VIN* Model code From To Frame Characteristics 067810136.. JZZ30-ACMVZ 05/1991 - 11/2000 JZZ30 GTT JPN 1JZGTE MTM Click here to continue Â©2026 ToyoDIY,,,GTT: GT TURBO TYPE,,,,,,,,,,,,,,,,,,,,,,,,,,,JZZ300019887
JZZ300020962,067810058..,JZZ30-ACPZZ,05/1991 -,Dec-93,JZZ30,Japan,Apr-92,TOYOTA,SOARER,,JPN: JAPAN,1JZGTE: 2500CC 24-VALVE DOHC EFI TURBO,ATM: AUTOMATIC TRANSMISSION,8J5,,GTTL: GT TURBO L TYPE,,,,,,,,,,,,,,,,,,,,,,,,,,,JZZ300020962
JZZ300021961,067810048..,JZZ30-ACMZZ,05/1991 -,Dec-93,JZZ30,Japan,Jun-92,TOYOTA,SOARER,,JPN: JAPAN,1JZGTE: 2500CC 24-VALVE DOHC EFI TURBO,MTM: MANUAL TRANSMISSION,3K3,,GTTL: GT TURBO L TYPE,,,,,,,,,,,,,,,,,,,,,,,,,,,JZZ300021961
JZZ300023966,067810058..,JZZ30-ACPZZ,05/1991 -,Dec-93,JZZ30,Japan,Aug-92,TOYOTA,SOARER,,JPN: JAPAN,1JZGTE: 2500CC 24-VALVE DOHC EFI TURBO,ATM: AUTOMATIC TRANSMISSION,51,,GTTL: GT TURBO L TYPE,,,,,,,,,,,,,,,,,,,,,,,,,,,JZZ300023966
JZZ300027991,067810058..,JZZ30-ACPZZ,05/1991 -,Dec-93,JZZ30,Japan,Mar-93,TOYOTA,SOARER,,JPN: JAPAN,1JZGTE: 2500CC 24-VALVE DOHC EFI TURBO,ATM: AUTOMATIC TRANSMISSION,176,,GTTL: GT TURBO L TYPE,,,,,,,,,,,,,,,,,,,,,,,,,,,JZZ300027991
JZZ300034022,067810108..,JZZ30-ACPVZ,05/1991 -,Nov-00,JZZ30,Japan,May-95,TOYOTA,SOARER,,JPN: JAPAN,1JZGTE: 2500CC 24-VALVE DOHC EFI TURBO,ATM: AUTOMATIC TRANSMISSION,51,,GTT: GT TURBO TYPE,,,,,,,,,,,,,,,,,,,,,,,,,,,
JZZ310036500,075570040..,JZZ31-ACPVF,01/1994 -,Nov-00,JZZ31,Japan,Apr-96,TOYOTA,SOARER,,JPN: JAPAN,2JZGE: 3000CC 24-VALVE DOHC EFI,ATM: AUTOMATIC TRANSMISSION,202,,GT: GT TYPE,,,,,,,,,,,,,,,,,,,,,,,,,,,JZZ310036500
JZZ310038024,075570040..,JZZ31-ACPVF,01/1994 -,Nov-00,JZZ31,Japan,Sep-96,TOYOTA,SOARER,,JPN: JAPAN,2JZGE: 3000CC 24-VALVE DOHC EFI,ATM: AUTOMATIC TRANSMISSION,202,,GT: GT TYPE,,,,,,,,,,,,,,,,,,,,,,,,,,,
JZZ39-0032481,,,,,,,,,,,,,,,,,,,,,,,,,,,,,,,,,,,,,,,,,,,
Jt8cd32z7w1001283,JT8CD32Z..,JZZ31L-ACPVFA,08/1996 -,Jun-00,JZZ31,N. America,Aug-97,LEXUS,SC300/400,,USA: UNITED STATES OF AMERICA,2JZGE: 3000CC 24-VALVE DOHC EFI,"ATM: AUTOMATIC TRANSMISSION GEAR SHIFT TYPE: 4FC: ATM, 4-SPEED FLOOR SHIFT",6P2,LD07,,,1st Row (Driver and Passenger),2997.0,182.89,3.0,2.0,In-Line,6.0,225.0,227.0,Toyota,2JZ-GE,LEXUS,TOYOTA MOTOR CORPORATION,SC,1998.0,SUSONO,"Higashi Fuji Plant, Kanto Auto Works, LTD.",JAPAN,SHIZUOKA,,JZZ31L,,,,300.0,Jt8cd32z7w1001283
Jzz30-0020940,067810048..,JZZ30-ACMZZ,05/1991 -,Dec-93,JZZ30,Japan,Apr-92,TOYOTA,SOARER,,JPN: JAPAN,1JZGTE: 2500CC 24-VALVE DOHC EFI TURBO,MTM: MANUAL TRANSMISSION,6M2,,GTTL: GT TURBO L TYPE,,,,,,,,,,,,,,,,,,,,,,,,,,,
Jzz300020791,067810058..,JZZ30-ACPZZ,05/1991 -,Dec-93,JZZ30,Japan,Mar-92,TOYOTA,SOARER,,JPN: JAPAN,1JZGTE: 2500CC 24-VALVE DOHC EFI TURBO,ATM: AUTOMATIC TRANSMISSION,6M2,,GTTL: GT TURBO L TYPE,,,,,,,,,,,,,,,,,,,,,,,,,,,Jzz300020791
SCRAP,,,,,,,,,,,,,,,,,,,,,,,,,,,,,,,,,,,,,,,,,,,
UZZ31-0004165,067790035..,UZZ31-ACPZK,05/1991 -,Aug-97,UZZ31,Japan,Jun-91,TOYOTA,SOARER,,JPN: JAPAN,1UZFE: 4000CC 32-VALVE DOHC EFI,ATM: AUTOMATIC TRANSMISSION,6M2,,GTL: GT LIMITED TYPE,,,,,,,,,,,,,,,,,,,,,,,,,,,
UZZ310005512,067790035..,UZZ31-ACPZK,05/1991 -,Aug-97,UZZ31,Japan,Jul-91,TOYOTA,SOARER,,JPN: JAPAN,1UZFE: 4000CC 32-VALVE DOHC EFI,ATM: AUTOMATIC TRANSMISSION,51,,GTL: GT LIMITED TYPE,,,,,,,,,,,,,,,,,,,,,,,,,,,UZZ310005512
UZZ32-0001032,,,,,,,,,,,,,,,,,,,,,,,,,,,,,,,,,,,,,,,,,,,
UZZ32-0001402,067780001..,UZZ32-ACPZK,05/1991 -,Jul-96,UZZ32,Japan,Aug-91,TOYOTA,SOARER,,JPN: JAPAN,1UZFE: 4000CC 32-VALVE DOHC EFI,ATM: AUTOMATIC TRANSMISSION,6M2,,GTL: GT LIMITED TYPE,,,,,,,,,,,,,,,,,,,,,,,,,,,
UZZ320001627,067780001..,UZZ32-ACPZK,05/1991 -,Jul-96,UZZ32,Japan,Oct-91,TOYOTA,SOARER,,JPN: JAPAN,1UZFE: 4000CC 32-VALVE DOHC EFI,ATM: AUTOMATIC TRANSMISSION,51,,GTL: GT LIMITED TYPE,,,,,,,,,,,,,,,,,,,,,,,,,,,UZZ320001627
Uzz32-0001556,067780001..,UZZ32-ACPZK,05/1991 -,Jul-96,UZZ32,Japan,Sep-91,TOYOTA,SOARER,,JPN: JAPAN,1UZFE: 4000CC 32-VALVE DOHC EFI,ATM: AUTOMATIC TRANSMISSION,51,,GTL: GT LIMITED TYPE,,,,,,,,,,,,,,,,,,,,,,,,,,,
Uzz32-0001805,067780001..,UZZ32-ACPZK,05/1991 -,Jul-96,UZZ32,Japan,Jun-93,TOYOTA,SOARER,,JPN: JAPAN,1UZFE: 4000CC 32-VALVE DOHC EFI,ATM: AUTOMATIC TRANSMISSION,6M2,,GTL: GT LIMITED TYPE,,,,,,,,,,,,,,,,,,,,,,,,,,,
,,,,,,,,,,,,,,,,,,,,,,,,,,,,,,,,,,,,,,,,,,,
