SEARCHED_VIN,VIN_STAR,MODEL_CODE,PROD_FROM,PROD_TO,FRAME_SHORT,CHARS_BOTTOM,MARKET,YEAR_MONTH,MAKE,MODEL_NAME,DESTINATION,ENGINE,TRANSMISSION,COLOR_CODE,TRIM_CODE
SCRAP,,,,,,,,,,,,,,,
JT8CH32Y9X1001998,JT8UZ30C..,UZZ30L-ACAZKA,09/1997 -,06/2000,UZZ30,,N. America,09/1998,LEXUS,SC300/400,USA: UNITED STATES OF AMERICA,1UZFE: 4000CC 32-VALVE DOHC EFI,"ATM: AUTOMATIC TRANSMISSION GEAR SHIFT TYPE: 5FC: ATM, 5-SPEED FLOOR SHIFT",4P9,LE07
JT8CH32Y6X1002140,JT8UZ30C..,UZZ30L-ACAZKA,09/1997 -,06/2000,UZZ30,,N. America,10/1998,LEXUS,SC300/400,USA: UNITED STATES OF AMERICA,1UZFE: 4000CC 32-VALVE DOHC EFI,"ATM: AUTOMATIC TRANSMISSION GEAR SHIFT TYPE: 5FC: ATM, 5-SPEED FLOOR SHIFT",3L2,LE07
JT8JZ31C3P0015914,JT8JZ31C..,JZZ31L-ACPVFA,08/1991 -,12/1993,JZZ31,,N. America,05/1993,LEXUS,SC300/400,USA: UNITED STATES OF AMERICA,2JZGE: 3000CC 24-VALVE DOHC EFI,"ATM: AUTOMATIC TRANSMISSION GEAR SHIFT TYPE: 4FC: ATM, 4-SPEED FLOOR SHIFT",6M2,
JY8UZ30C8R0036582,,,,,,,,,,,,,,,
JT8CD32Z7V1000253,JT8CD32Z..,JZZ31L-ACPVFA,08/1996 -,06/2000,JZZ31,,N. America,06/1997,LEXUS,SC300/400,USA: UNITED STATES OF AMERICA,2JZGE: 3000CC 24-VALVE DOHC EFI,"ATM: AUTOMATIC TRANSMISSION GEAR SHIFT TYPE: 4FC: ATM, 4-SPEED FLOOR SHIFT",1A0,LD21
JT8JZ31C8S0032054,JT8CD32Z..,JZZ31L-ACPVFA,01/1994 -,07/1996,JZZ31,,N. America,04/1995,LEXUS,SC300/400,USA: UNITED STATES OF AMERICA,2JZGE: 3000CC 24-VALVE DOHC EFI,"ATM: AUTOMATIC TRANSMISSION GEAR SHIFT TYPE: 4FC: ATM, 4-SPEED FLOOR SHIFT",752,
JT8JZ31C7P0015317,JT8JZ31C..,JZZ31L-ACPVFA,08/1991 -,12/1993,JZZ31,,N. America,04/1993,LEXUS,SC300/400,USA: UNITED STATES OF AMERICA,2JZGE: 3000CC 24-VALVE DOHC EFI,"ATM: AUTOMATIC TRANSMISSION GEAR SHIFT TYPE: 4FC: ATM, 4-SPEED FLOOR SHIFT",051,
JT8JZ31C4N0001484,JT8JZ31C..,JZZ31L-ACPVFA,08/1991 -,12/1993,JZZ31,,N. America,09/1991,LEXUS,SC300/400,USA: UNITED STATES OF AMERICA,2JZGE: 3000CC 24-VALVE DOHC EFI,"ATM: AUTOMATIC TRANSMISSION GEAR SHIFT TYPE: 4FC: ATM, 4-SPEED FLOOR SHIFT",051,
JT8CH32Y6X1002669,JT8UZ30C..,UZZ30L-ACAZKA,09/1997 -,06/2000,UZZ30,,N. America,05/1999,LEXUS,SC300/400,USA: UNITED STATES OF AMERICA,1UZFE: 4000CC 32-VALVE DOHC EFI,"ATM: AUTOMATIC TRANSMISSION GEAR SHIFT TYPE: 5FC: ATM, 5-SPEED FLOOR SHIFT",3M9,LE07
JT8CD32Z9V0037522,JT8CD32Z..,JZZ31L-ACMVFA,08/1996 -,08/1997,JZZ31,,N. America,08/1996,LEXUS,SC300/400,USA: UNITED STATES OF AMERICA,2JZGE: 3000CC 24-VALVE DOHC EFI,"MTM: MANUAL TRANSMISSION GEAR SHIFT TYPE: 5F: MTM, 5-SPEED FLOOR SHIFT",3K7,
JT8CD32ZXV0037531,JT8CD32Z..,JZZ31L-ACMVFA,08/1996 -,08/1997,JZZ31,,N. America,08/1996,LEXUS,SC300/400,USA: UNITED STATES OF AMERICA,2JZGE: 3000CC 24-VALVE DOHC EFI,"MTM: MANUAL TRANSMISSION GEAR SHIFT TYPE: 5F: MTM, 5-SPEED FLOOR SHIFT",1A0,
JT8CD32Z2V0037541,JT8CD32Z..,JZZ31L-ACMVFA,08/1996 -,08/1997,JZZ31,,N. America,08/1996,LEXUS,SC300/400,USA: UNITED STATES OF AMERICA,2JZGE: 3000CC 24-VALVE DOHC EFI,"MTM: MANUAL TRANSMISSION GEAR SHIFT TYPE: 5F: MTM, 5-SPEED FLOOR SHIFT",6P2,
JT8CD32Z3V0037547,JT8CD32Z..,JZZ31L-ACMVFA,08/1996 -,08/1997,JZZ31,,N. America,08/1996,LEXUS,SC300/400,USA: UNITED STATES OF AMERICA,2JZGE: 3000CC 24-VALVE DOHC EFI,"MTM: MANUAL TRANSMISSION GEAR SHIFT TYPE: 5F: MTM, 5-SPEED FLOOR SHIFT",1A0,
JT8CD32Z4V0037556,JT8CD32Z..,JZZ31L-ACMVFA,08/1996 -,08/1997,JZZ31,,N. America,08/1996,LEXUS,SC300/400,USA: UNITED STATES OF AMERICA,2JZGE: 3000CC 24-VALVE DOHC EFI,"MTM: MANUAL TRANSMISSION GEAR SHIFT TYPE: 5F: MTM, 5-SPEED FLOOR SHIFT",3L4,
JT8CD32Z5V0037565,JT8CD32Z..,JZZ31L-ACMVFA,08/1996 -,08/1997,JZZ31,,N. America,08/1996,LEXUS,SC300/400,USA: UNITED STATES OF AMERICA,2JZGE: 3000CC 24-VALVE DOHC EFI,"MTM: MANUAL TRANSMISSION GEAR SHIFT TYPE: 5F: MTM, 5-SPEED FLOOR SHIFT",6P2,
JT8CD32Z5V0037579,JT8CD32Z..,JZZ31L-ACMVFA,08/1996 -,08/1997,JZZ31,,N. America,08/1996,LEXUS,SC300/400,USA: UNITED STATES OF AMERICA,2JZGE: 3000CC 24-VALVE DOHC EFI,"MTM: MANUAL TRANSMISSION GEAR SHIFT TYPE: 5F: MTM, 5-SPEED FLOOR SHIFT",6P2,
JT8CD32Z5V0037596,JT8CD32Z..,JZZ31L-ACMVFA,08/1996 -,08/1997,JZZ31,,N. America,08/1996,LEXUS,SC300/400,USA: UNITED STATES OF AMERICA,2JZGE: 3000CC 24-VALVE DOHC EFI,"MTM: MANUAL TRANSMISSION GEAR SHIFT TYPE: 5F: MTM, 5-SPEED FLOOR SHIFT",051,
JT8CD32Z7V0037616,JT8CD32Z..,JZZ31L-ACMVFA,08/1996 -,08/1997,JZZ31,,N. America,08/1996,LEXUS,SC300/400,USA: UNITED STATES OF AMERICA,2JZGE: 3000CC 24-VALVE DOHC EFI,"MTM: MANUAL TRANSMISSION GEAR SHIFT TYPE: 5F: MTM, 5-SPEED FLOOR SHIFT",051,
JT8CD32Z8V0037639,JT8CD32Z..,JZZ31L-ACMVFA,08/1996 -,08/1997,JZZ31,,N. America,08/1996,LEXUS,SC300/400,USA: UNITED STATES OF AMERICA,2JZGE: 3000CC 24-VALVE DOHC EFI,"MTM: MANUAL TRANSMISSION GEAR SHIFT TYPE: 5F: MTM, 5-SPEED FLOOR SHIFT",3L2,
JT8CD32Z9V0037651,JT8CD32Z..,JZZ31L-ACMVFA,08/1996 -,08/1997,JZZ31,,N. America,08/1996,LEXUS,SC300/400,USA: UNITED STATES OF AMERICA,2JZGE: 3000CC 24-VALVE DOHC EFI,"MTM: MANUAL TRANSMISSION GEAR SHIFT TYPE: 5F: MTM, 5-SPEED FLOOR SHIFT",8L5,
JT8CD32Z2V0037667,JT8CD32Z..,JZZ31L-ACMVFA,08/1996 -,08/1997,JZZ31,,N. America,08/1996,LEXUS,SC300/400,USA: UNITED STATES OF AMERICA,2JZGE: 3000CC 24-VALVE DOHC EFI,"MTM: MANUAL TRANSMISSION GEAR SHIFT TYPE: 5F: MTM, 5-SPEED FLOOR SHIFT",051,
JT8CD32Z6V0037686,JT8CD32Z..,JZZ31L-ACMVFA,08/1996 -,08/1997,JZZ31,,N. America,08/1996,LEXUS,SC300/400,USA: UNITED STATES OF AMERICA,2JZGE: 3000CC 24-VALVE DOHC EFI,"MTM: MANUAL TRANSMISSION GEAR SHIFT TYPE: 5F: MTM, 5-SPEED FLOOR SHIFT",051,
JT8CD32Z9V0037701,JT8CD32Z..,JZZ31L-ACMVFA,08/1996 -,08/1997,JZZ31,,N. America,08/1996,LEXUS,SC300/400,USA: UNITED STATES OF AMERICA,2JZGE: 3000CC 24-VALVE DOHC EFI,"MTM: MANUAL TRANSMISSION GEAR SHIFT TYPE: 5F: MTM, 5-SPEED FLOOR SHIFT",202,
JT8CD32Z2V0037717,JT8CD32Z..,JZZ31L-ACMVFA,08/1996 -,08/1997,JZZ31,,N. America,08/1996,LEXUS,SC300/400,USA: UNITED STATES OF AMERICA,2JZGE: 3000CC 24-VALVE DOHC EFI,"MTM: MANUAL TRANSMISSION GEAR SHIFT TYPE: 5F: MTM, 5-SPEED FLOOR SHIFT",202,
JT8CD32Z5V0037730,JT8CD32Z..,JZZ31L-ACMVFA,08/1996 -,08/1997,JZZ31,,N. America,08/1996,LEXUS,SC300/400,USA: UNITED STATES OF AMERICA,2JZGE: 3000CC 24-VALVE DOHC EFI,"MTM: MANUAL TRANSMISSION GEAR SHIFT TYPE: 5F: MTM, 5-SPEED FLOOR SHIFT",051,
JT8CD32Z6V0037798,JT8CD32Z..,JZZ31L-ACMVFA,08/1996 -,08/1997,JZZ31,,N. America,09/1996,LEXUS,SC300/400,USA: UNITED STATES OF AMERICA,2JZGE: 3000CC 24-VALVE DOHC EFI,"MTM: MANUAL TRANSMISSION GEAR SHIFT TYPE: 5F: MTM, 5-SPEED FLOOR SHIFT",202,
JT8CD32Z1V0037806,JT8CD32Z..,JZZ31L-ACMVFA,08/1996 -,08/1997,JZZ31,,N. America,09/1996,LEXUS,SC300/400,USA: UNITED STATES OF AMERICA,2JZGE: 3000CC 24-VALVE DOHC EFI,"MTM: MANUAL TRANSMISSION GEAR SHIFT TYPE: 5F: MTM, 5-SPEED FLOOR SHIFT",3K7,
JT8CD32Z1V0037823,JT8CD32Z..,JZZ31L-ACMVFA,08/1996 -,08/1997,JZZ31,,N. America,09/1996,LEXUS,SC300/400,USA: UNITED STATES OF AMERICA,2JZGE: 3000CC 24-VALVE DOHC EFI,"MTM: MANUAL TRANSMISSION GEAR SHIFT TYPE: 5F: MTM, 5-SPEED FLOOR SHIFT",202,
JT8CD32Z5V0037839,JT8CD32Z..,JZZ31L-ACMVFA,08/1996 -,08/1997,JZZ31,,N. America,09/1996,LEXUS,SC300/400,USA: UNITED STATES OF AMERICA,2JZGE: 3000CC 24-VALVE DOHC EFI,"MTM: MANUAL TRANSMISSION GEAR SHIFT TYPE: 5F: MTM, 5-SPEED FLOOR SHIFT",051,
JT8CD32Z1V0037854,JT8CD32Z..,JZZ31L-ACMVFA,08/1996 -,08/1997,JZZ31,,N. America,09/1996,LEXUS,SC300/400,USA: UNITED STATES OF AMERICA,2JZGE: 3000CC 24-VALVE DOHC EFI,"MTM: MANUAL TRANSMISSION GEAR SHIFT TYPE: 5F: MTM, 5-SPEED FLOOR SHIFT",202,
JT8CD32Z3V0037869,JT8CD32Z..,JZZ31L-ACMVFA,08/1996 -,08/1997,JZZ31,,N. America,09/1996,LEXUS,SC300/400,USA: UNITED STATES OF AMERICA,2JZGE: 3000CC 24-VALVE DOHC EFI,"MTM: MANUAL TRANSMISSION GEAR SHIFT TYPE: 5F: MTM, 5-SPEED FLOOR SHIFT",051,
JT8CD32Z6V0037879,JT8CD32Z..,JZZ31L-ACMVFA,08/1996 -,08/1997,JZZ31,,N. America,09/1996,LEXUS,SC300/400,USA: UNITED STATES OF AMERICA,2JZGE: 3000CC 24-VALVE DOHC EFI,"MTM: MANUAL TRANSMISSION GEAR SHIFT TYPE: 5F: MTM, 5-SPEED FLOOR SHIFT",6P2,
JT8CD32Z0V0038106,JT8CD32Z..,JZZ31L-ACMVFA,08/1996 -,08/1997,JZZ31,,N. America,10/1996,LEXUS,SC300/400,USA: UNITED STATES OF AMERICA,2JZGE: 3000CC 24-VALVE DOHC EFI,"MTM: MANUAL TRANSMISSION GEAR SHIFT TYPE: 5F: MTM, 5-SPEED FLOOR SHIFT",202,LD07
JT8CD32Z4V0038125,JT8CD32Z..,JZZ31L-ACMVFA,08/1996 -,08/1997,JZZ31,,N. America,10/1996,LEXUS,SC300/400,USA: UNITED STATES OF AMERICA,2JZGE: 3000CC 24-VALVE DOHC EFI,"MTM: MANUAL TRANSMISSION GEAR SHIFT TYPE: 5F: MTM, 5-SPEED FLOOR SHIFT",051,LD07
JT8CD32Z2V0038141,JT8CD32Z..,JZZ31L-ACMVFA,08/1996 -,08/1997,JZZ31,,N. America,10/1996,LEXUS,SC300/400,USA: UNITED STATES OF AMERICA,2JZGE: 3000CC 24-VALVE DOHC EFI,"MTM: MANUAL TRANSMISSION GEAR SHIFT TYPE: 5F: MTM, 5-SPEED FLOOR SHIFT",051,LD07
JT8CD32Z6V0038157,JT8CD32Z..,JZZ31L-ACMVFA,08/1996 -,08/1997,JZZ31,,N. America,10/1996,LEXUS,SC300/400,USA: UNITED STATES OF AMERICA,2JZGE: 3000CC 24-VALVE DOHC EFI,"MTM: MANUAL TRANSMISSION GEAR SHIFT TYPE: 5F: MTM, 5-SPEED FLOOR SHIFT",202,LD07
JT8CD32Z9V0038170,JT8CD32Z..,JZZ31L-ACMVFA,08/1996 -,08/1997,JZZ31,,N. America,10/1996,LEXUS,SC300/400,USA: UNITED STATES OF AMERICA,2JZGE: 3000CC 24-VALVE DOHC EFI,"MTM: MANUAL TRANSMISSION GEAR SHIFT TYPE: 5F: MTM, 5-SPEED FLOOR SHIFT",3L2,LD07
JT8CD32Z5V0038182,JT8CD32Z..,JZZ31L-ACMVFA,08/1996 -,08/1997,JZZ31,,N. America,10/1996,LEXUS,SC300/400,USA: UNITED STATES OF AMERICA,2JZGE: 3000CC 24-VALVE DOHC EFI,"MTM: MANUAL TRANSMISSION GEAR SHIFT TYPE: 5F: MTM, 5-SPEED FLOOR SHIFT",8L5,LD08
JT8CD32Z7V0038202,JT8CD32Z..,JZZ31L-ACMVFA,08/1996 -,08/1997,JZZ31,,N. America,10/1996,LEXUS,SC300/400,USA: UNITED STATES OF AMERICA,2JZGE: 3000CC 24-VALVE DOHC EFI,"MTM: MANUAL TRANSMISSION GEAR SHIFT TYPE: 5F: MTM, 5-SPEED FLOOR SHIFT",051,LD07
JT8CD32ZXV0038226,JT8CD32Z..,JZZ31L-ACMVFA,08/1996 -,08/1997,JZZ31,,N. America,10/1996,LEXUS,SC300/400,USA: UNITED STATES OF AMERICA,2JZGE: 3000CC 24-VALVE DOHC EFI,"MTM: MANUAL TRANSMISSION GEAR SHIFT TYPE: 5F: MTM, 5-SPEED FLOOR SHIFT",1A0,LD21
JT8CD32Z5V0038781,JT8CD32Z..,JZZ31L-ACMVFA,08/1996 -,08/1997,JZZ31,,N. America,11/1996,LEXUS,SC300/400,USA: UNITED STATES OF AMERICA,2JZGE: 3000CC 24-VALVE DOHC EFI,"MTM: MANUAL TRANSMISSION GEAR SHIFT TYPE: 5F: MTM, 5-SPEED FLOOR SHIFT",3L2,LD07
JT8CD32Z5V0038795,JT8CD32Z..,JZZ31L-ACMVFA,08/1996 -,08/1997,JZZ31,,N. America,11/1996,LEXUS,SC300/400,USA: UNITED STATES OF AMERICA,2JZGE: 3000CC 24-VALVE DOHC EFI,"MTM: MANUAL TRANSMISSION GEAR SHIFT TYPE: 5F: MTM, 5-SPEED FLOOR SHIFT",202,LD07
JT8CD32Z6V0038806,JT8CD32Z..,JZZ31L-ACMVFA,08/1996 -,08/1997,JZZ31,,N. America,11/1996,LEXUS,SC300/400,USA: UNITED STATES OF AMERICA,2JZGE: 3000CC 24-VALVE DOHC EFI,"MTM: MANUAL TRANSMISSION GEAR SHIFT TYPE: 5F: MTM, 5-SPEED FLOOR SHIFT",202,LD07
JT8CD32Z5V0038814,JT8CD32Z..,JZZ31L-ACMVFA,08/1996 -,08/1997,JZZ31,,N. America,11/1996,LEXUS,SC300/400,USA: UNITED STATES OF AMERICA,2JZGE: 3000CC 24-VALVE DOHC EFI,"MTM: MANUAL TRANSMISSION GEAR SHIFT TYPE: 5F: MTM, 5-SPEED FLOOR SHIFT",6P2,LD07
JT8CD32Z5V0038828,JT8CD32Z..,JZZ31L-ACMVFA,08/1996 -,08/1997,JZZ31,,N. America,11/1996,LEXUS,SC300/400,USA: UNITED STATES OF AMERICA,2JZGE: 3000CC 24-VALVE DOHC EFI,"MTM: MANUAL TRANSMISSION GEAR SHIFT TYPE: 5F: MTM, 5-SPEED FLOOR SHIFT",051,LD07
JT8CD32Z1V0038843,JT8CD32Z..,JZZ31L-ACMVFA,08/1996 -,08/1997,JZZ31,,N. America,11/1996,LEXUS,SC300/400,USA: UNITED STATES OF AMERICA,2JZGE: 3000CC 24-VALVE DOHC EFI,"MTM: MANUAL TRANSMISSION GEAR SHIFT TYPE: 5F: MTM, 5-SPEED FLOOR SHIFT",051,LD07
JT8CD32Z4V0039176,JT8CD32Z..,JZZ31L-ACMVFA,08/1996 -,08/1997,JZZ31,,N. America,12/1996,LEXUS,SC300/400,USA: UNITED STATES OF AMERICA,2JZGE: 3000CC 24-VALVE DOHC EFI,"MTM: MANUAL TRANSMISSION GEAR SHIFT TYPE: 5F: MTM, 5-SPEED FLOOR SHIFT",3L2,LD07
JT8CD32Z7V0039494,JT8CD32Z..,JZZ31L-ACMVFA,08/1996 -,08/1997,JZZ31,,N. America,01/1997,LEXUS,SC300/400,USA: UNITED STATES OF AMERICA,2JZGE: 3000CC 24-VALVE DOHC EFI,"MTM: MANUAL TRANSMISSION GEAR SHIFT TYPE: 5F: MTM, 5-SPEED FLOOR SHIFT",3L4,LD21
JT8CD32ZXV0039506,JT8CD32Z..,JZZ31L-ACMVFA,08/1996 -,08/1997,JZZ31,,N. America,01/1997,LEXUS,SC300/400,USA: UNITED STATES OF AMERICA,2JZGE: 3000CC 24-VALVE DOHC EFI,"MTM: MANUAL TRANSMISSION GEAR SHIFT TYPE: 5F: MTM, 5-SPEED FLOOR SHIFT",3L4,LD07
JT8CD32Z8V0039519,JT8CD32Z..,JZZ31L-ACMVFA,08/1996 -,08/1997,JZZ31,,N. America,01/1997,LEXUS,SC300/400,USA: UNITED STATES OF AMERICA,2JZGE: 3000CC 24-VALVE DOHC EFI,"MTM: MANUAL TRANSMISSION GEAR SHIFT TYPE: 5F: MTM, 5-SPEED FLOOR SHIFT",3L2,LD21
JT8CD32Z9V0039531,JT8CD32Z..,JZZ31L-ACMVFA,08/1996 -,08/1997,JZZ31,,N. America,01/1997,LEXUS,SC300/400,USA: UNITED STATES OF AMERICA,2JZGE: 3000CC 24-VALVE DOHC EFI,"MTM: MANUAL TRANSMISSION GEAR SHIFT TYPE: 5F: MTM, 5-SPEED FLOOR SHIFT",3L4,LD07
JT8CD32Z3V0039542,JT8CD32Z..,JZZ31L-ACMVFA,08/1996 -,08/1997,JZZ31,,N. America,01/1997,LEXUS,SC300/400,USA: UNITED STATES OF AMERICA,2JZGE: 3000CC 24-VALVE DOHC EFI,"MTM: MANUAL TRANSMISSION GEAR SHIFT TYPE: 5F: MTM, 5-SPEED FLOOR SHIFT",1A0,LD21
JT8CD32ZXV0039554,JT8CD32Z..,JZZ31L-ACMVFA,08/1996 -,08/1997,JZZ31,,N. America,01/1997,LEXUS,SC300/400,USA: UNITED STATES OF AMERICA,2JZGE: 3000CC 24-VALVE DOHC EFI,"MTM: MANUAL TRANSMISSION GEAR SHIFT TYPE: 5F: MTM, 5-SPEED FLOOR SHIFT",202,LD07
JT8CD32ZXV0039571,JT8CD32Z..,JZZ31L-ACMVFA,08/1996 -,08/1997,JZZ31,,N. America,01/1997,LEXUS,SC300/400,USA: UNITED STATES OF AMERICA,2JZGE: 3000CC 24-VALVE DOHC EFI,"MTM: MANUAL TRANSMISSION GEAR SHIFT TYPE: 5F: MTM, 5-SPEED FLOOR SHIFT",051,LD07
JT8CD32Z0V0039580,JT8CD32Z..,JZZ31L-ACMVFA,08/1996 -,08/1997,JZZ31,,N. America,01/1997,LEXUS,SC300/400,USA: UNITED STATES OF AMERICA,2JZGE: 3000CC 24-VALVE DOHC EFI,"MTM: MANUAL TRANSMISSION GEAR SHIFT TYPE: 5F: MTM, 5-SPEED FLOOR SHIFT",202,LD07
JT8CD32Z8V0039598,JT8CD32Z..,JZZ31L-ACMVFA,08/1996 -,08/1997,JZZ31,,N. America,01/1997,LEXUS,SC300/400,USA: UNITED STATES OF AMERICA,2JZGE: 3000CC 24-VALVE DOHC EFI,"MTM: MANUAL TRANSMISSION GEAR SHIFT TYPE: 5F: MTM, 5-SPEED FLOOR SHIFT",3L4,LD07
JT8CD32Z2V0039631,JT8CD32Z..,JZZ31L-ACMVFA,08/1996 -,08/1997,JZZ31,,N. America,01/1997,LEXUS,SC300/400,USA: UNITED STATES OF AMERICA,2JZGE: 3000CC 24-VALVE DOHC EFI,"MTM: MANUAL TRANSMISSION GEAR SHIFT TYPE: 5F: MTM, 5-SPEED FLOOR SHIFT",051,LD07
JT8CD32Z6V0039647,JT8CD32Z..,JZZ31L-ACMVFA,08/1996 -,08/1997,JZZ31,,N. America,01/1997,LEXUS,SC300/400,USA: UNITED STATES OF AMERICA,2JZGE: 3000CC 24-VALVE DOHC EFI,"MTM: MANUAL TRANSMISSION GEAR SHIFT TYPE: 5F: MTM, 5-SPEED FLOOR SHIFT",051,LD07
JT8CD32Z9V0039674,JT8CD32Z..,JZZ31L-ACMVFA,08/1996 -,08/1997,JZZ31,,N. America,01/1997,LEXUS,SC300/400,USA: UNITED STATES OF AMERICA,2JZGE: 3000CC 24-VALVE DOHC EFI,"MTM: MANUAL TRANSMISSION GEAR SHIFT TYPE: 5F: MTM, 5-SPEED FLOOR SHIFT",1A0,LD21
JT8CD32Z7V0039690,JT8CD32Z..,JZZ31L-ACMVFA,08/1996 -,08/1997,JZZ31,,N. America,01/1997,LEXUS,SC300/400,USA: UNITED STATES OF AMERICA,2JZGE: 3000CC 24-VALVE DOHC EFI,"MTM: MANUAL TRANSMISSION GEAR SHIFT TYPE: 5F: MTM, 5-SPEED FLOOR SHIFT",202,LD07
JT8CD32Z1V0039717,JT8CD32Z..,JZZ31L-ACMVFA,08/1996 -,08/1997,JZZ31,,N. America,01/1997,LEXUS,SC300/400,USA: UNITED STATES OF AMERICA,2JZGE: 3000CC 24-VALVE DOHC EFI,"MTM: MANUAL TRANSMISSION GEAR SHIFT TYPE: 5F: MTM, 5-SPEED FLOOR SHIFT",202,LD21
JT8CD32ZXV0039733,JT8CD32Z..,JZZ31L-ACMVFA,08/1996 -,08/1997,JZZ31,,N. America,01/1997,LEXUS,SC300/400,USA: UNITED STATES OF AMERICA,2JZGE: 3000CC 24-VALVE DOHC EFI,"MTM: MANUAL TRANSMISSION GEAR SHIFT TYPE: 5F: MTM, 5-SPEED FLOOR SHIFT",202,LD21
JT8CD32Z5V0039753,JT8CD32Z..,JZZ31L-ACMVFA,08/1996 -,08/1997,JZZ31,,N. America,01/1997,LEXUS,SC300/400,USA: UNITED STATES OF AMERICA,2JZGE: 3000CC 24-VALVE DOHC EFI,"MTM: MANUAL TRANSMISSION GEAR SHIFT TYPE: 5F: MTM, 5-SPEED FLOOR SHIFT",3L2,LD07
JT8CD32Z5V0039770,JT8CD32Z..,JZZ31L-ACMVFA,08/1996 -,08/1997,JZZ31,,N. America,01/1997,LEXUS,SC300/400,USA: UNITED STATES OF AMERICA,2JZGE: 3000CC 24-VALVE DOHC EFI,"MTM: MANUAL TRANSMISSION GEAR SHIFT TYPE: 5F: MTM, 5-SPEED FLOOR SHIFT",6P2,LD07
JT8CD32Z8V0039794,JT8CD32Z..,JZZ31L-ACMVFA,08/1996 -,08/1997,JZZ31,,N. America,01/1997,LEXUS,SC300/400,USA: UNITED STATES OF AMERICA,2JZGE: 3000CC 24-VALVE DOHC EFI,"MTM: MANUAL TRANSMISSION GEAR SHIFT TYPE: 5F: MTM, 5-SPEED FLOOR SHIFT",6P2,LD07
JT8CD32Z9V0039822,JT8CD32Z..,JZZ31L-ACMVFA,08/1996 -,08/1997,JZZ31,,N. America,01/1997,LEXUS,SC300/400,USA: UNITED STATES OF AMERICA,2JZGE: 3000CC 24-VALVE DOHC EFI,"MTM: MANUAL TRANSMISSION GEAR SHIFT TYPE: 5F: MTM, 5-SPEED FLOOR SHIFT",6P2,LD07
JT8CD32Z9V0039996,JT8CD32Z..,JZZ31L-ACMVFA,08/1996 -,08/1997,JZZ31,,N. America,02/1997,LEXUS,SC300/400,USA: UNITED STATES OF AMERICA,2JZGE: 3000CC 24-VALVE DOHC EFI,"MTM: MANUAL TRANSMISSION GEAR SHIFT TYPE: 5F: MTM, 5-SPEED FLOOR SHIFT",202,LD07
JT8CD32Z8V0040007,JT8CD32Z..,JZZ31L-ACMVFA,08/1996 -,08/1997,JZZ31,,N. America,02/1997,LEXUS,SC300/400,USA: UNITED STATES OF AMERICA,2JZGE: 3000CC 24-VALVE DOHC EFI,"MTM: MANUAL TRANSMISSION GEAR SHIFT TYPE: 5F: MTM, 5-SPEED FLOOR SHIFT",202,LD08
JT8CD32Z4V0040019,JT8CD32Z..,JZZ31L-ACMVFA,08/1996 -,08/1997,JZZ31,,N. America,02/1997,LEXUS,SC300/400,USA: UNITED STATES OF AMERICA,2JZGE: 3000CC 24-VALVE DOHC EFI,"MTM: MANUAL TRANSMISSION GEAR SHIFT TYPE: 5F: MTM, 5-SPEED FLOOR SHIFT",202,LD21
JT8CD32ZXV0040025,JT8CD32Z..,JZZ31L-ACMVFA,08/1996 -,08/1997,JZZ31,,N. America,02/1997,LEXUS,SC300/400,USA: UNITED STATES OF AMERICA,2JZGE: 3000CC 24-VALVE DOHC EFI,"MTM: MANUAL TRANSMISSION GEAR SHIFT TYPE: 5F: MTM, 5-SPEED FLOOR SHIFT",3L4,LD07
JT8CD32Z2V0040035,JT8CD32Z..,JZZ31L-ACMVFA,08/1996 -,08/1997,JZZ31,,N. America,02/1997,LEXUS,SC300/400,USA: UNITED STATES OF AMERICA,2JZGE: 3000CC 24-VALVE DOHC EFI,"MTM: MANUAL TRANSMISSION GEAR SHIFT TYPE: 5F: MTM, 5-SPEED FLOOR SHIFT",6P2,LD07
JT8CD32Z1V0040043,JT8CD32Z..,JZZ31L-ACMVFA,08/1996 -,08/1997,JZZ31,,N. America,02/1997,LEXUS,SC300/400,USA: UNITED STATES OF AMERICA,2JZGE: 3000CC 24-VALVE DOHC EFI,"MTM: MANUAL TRANSMISSION GEAR SHIFT TYPE: 5F: MTM, 5-SPEED FLOOR SHIFT",202,LD07
JT8CD32ZXV0040056,JT8CD32Z..,JZZ31L-ACMVFA,08/1996 -,08/1997,JZZ31,,N. America,02/1997,LEXUS,SC300/400,USA: UNITED STATES OF AMERICA,2JZGE: 3000CC 24-VALVE DOHC EFI,"MTM: MANUAL TRANSMISSION GEAR SHIFT TYPE: 5F: MTM, 5-SPEED FLOOR SHIFT",202,LD07
JT8CD32Z6V0040071,JT8CD32Z..,JZZ31L-ACMVFA,08/1996 -,08/1997,JZZ31,,N. America,02/1997,LEXUS,SC300/400,USA: UNITED STATES OF AMERICA,2JZGE: 3000CC 24-VALVE DOHC EFI,"MTM: MANUAL TRANSMISSION GEAR SHIFT TYPE: 5F: MTM, 5-SPEED FLOOR SHIFT",051,LD07
JT8CD32Z4V0040084,JT8CD32Z..,JZZ31L-ACMVFA,08/1996 -,08/1997,JZZ31,,N. America,02/1997,LEXUS,SC300/400,USA: UNITED STATES OF AMERICA,2JZGE: 3000CC 24-VALVE DOHC EFI,"MTM: MANUAL TRANSMISSION GEAR SHIFT TYPE: 5F: MTM, 5-SPEED FLOOR SHIFT",202,LD07
JT8CD32Z7V0040094,JT8CD32Z..,JZZ31L-ACMVFA,08/1996 -,08/1997,JZZ31,,N. America,02/1997,LEXUS,SC300/400,USA: UNITED STATES OF AMERICA,2JZGE: 3000CC 24-VALVE DOHC EFI,"MTM: MANUAL TRANSMISSION GEAR SHIFT TYPE: 5F: MTM, 5-SPEED FLOOR SHIFT",202,LD21
JT8CD32Z6V0040104,JT8CD32Z..,JZZ31L-ACMVFA,08/1996 -,08/1997,JZZ31,,N. America,02/1997,LEXUS,SC300/400,USA: UNITED STATES OF AMERICA,2JZGE: 3000CC 24-VALVE DOHC EFI,"MTM: MANUAL TRANSMISSION GEAR SHIFT TYPE: 5F: MTM, 5-SPEED FLOOR SHIFT",051,LD07
JT8CD32Z2V0040116,JT8CD32Z..,JZZ31L-ACMVFA,08/1996 -,08/1997,JZZ31,,N. America,02/1997,LEXUS,SC300/400,USA: UNITED STATES OF AMERICA,2JZGE: 3000CC 24-VALVE DOHC EFI,"MTM: MANUAL TRANSMISSION GEAR SHIFT TYPE: 5F: MTM, 5-SPEED FLOOR SHIFT",1A0,LD21
JT8CD32Z0V0040129,JT8CD32Z..,JZZ31L-ACMVFA,08/1996 -,08/1997,JZZ31,,N. America,02/1997,LEXUS,SC300/400,USA: UNITED STATES OF AMERICA,2JZGE: 3000CC 24-VALVE DOHC EFI,"MTM: MANUAL TRANSMISSION GEAR SHIFT TYPE: 5F: MTM, 5-SPEED FLOOR SHIFT",202,LD07
JT8CD32ZXV0040140,JT8CD32Z..,JZZ31L-ACMVFA,08/1996 -,08/1997,JZZ31,,N. America,02/1997,LEXUS,SC300/400,USA: UNITED STATES OF AMERICA,2JZGE: 3000CC 24-VALVE DOHC EFI,"MTM: MANUAL TRANSMISSION GEAR SHIFT TYPE: 5F: MTM, 5-SPEED FLOOR SHIFT",1A0,LD21
JT8CD32Z6V0040152,JT8CD32Z..,JZZ31L-ACMVFA,08/1996 -,08/1997,JZZ31,,N. America,02/1997,LEXUS,SC300/400,USA: UNITED STATES OF AMERICA,2JZGE: 3000CC 24-VALVE DOHC EFI,"MTM: MANUAL TRANSMISSION GEAR SHIFT TYPE: 5F: MTM, 5-SPEED FLOOR SHIFT",202,LD21
JT8CD32Z2V0040164,JT8CD32Z..,JZZ31L-ACMVFA,08/1996 -,08/1997,JZZ31,,N. America,02/1997,LEXUS,SC300/400,USA: UNITED STATES OF AMERICA,2JZGE: 3000CC 24-VALVE DOHC EFI,"MTM: MANUAL TRANSMISSION GEAR SHIFT TYPE: 5F: MTM, 5-SPEED FLOOR SHIFT",202,LD21
JT8CD32Z0V0040177,JT8CD32Z..,JZZ31L-ACMVFA,08/1996 -,08/1997,JZZ31,,N. America,02/1997,LEXUS,SC300/400,USA: UNITED STATES OF AMERICA,2JZGE: 3000CC 24-VALVE DOHC EFI,"MTM: MANUAL TRANSMISSION GEAR SHIFT TYPE: 5F: MTM, 5-SPEED FLOOR SHIFT",1A0,LD21
JT8CD32Z0V0040194,JT8CD32Z..,JZZ31L-ACMVFA,08/1996 -,08/1997,JZZ31,,N. America,02/1997,LEXUS,SC300/400,USA: UNITED STATES OF AMERICA,2JZGE: 3000CC 24-VALVE DOHC EFI,"MTM: MANUAL TRANSMISSION GEAR SHIFT TYPE: 5F: MTM, 5-SPEED FLOOR SHIFT",1A0,LD21
JT8CD32Z9V0040209,JT8CD32Z..,JZZ31L-ACMVFA,08/1996 -,08/1997,JZZ31,,N. America,02/1997,LEXUS,SC300/400,USA: UNITED STATES OF AMERICA,2JZGE: 3000CC 24-VALVE DOHC EFI,"MTM: MANUAL TRANSMISSION GEAR SHIFT TYPE: 5F: MTM, 5-SPEED FLOOR SHIFT",202,LD07
JT8CD32Z1V0040222,JT8CD32Z..,JZZ31L-ACMVFA,08/1996 -,08/1997,JZZ31,,N. America,02/1997,LEXUS,SC300/400,USA: UNITED STATES OF AMERICA,2JZGE: 3000CC 24-VALVE DOHC EFI,"MTM: MANUAL TRANSMISSION GEAR SHIFT TYPE: 5F: MTM, 5-SPEED FLOOR SHIFT",051,LD07
JT8CD32Z4V0040229,JT8CD32Z..,JZZ31L-ACMVFA,08/1996 -,08/1997,JZZ31,,N. America,02/1997,LEXUS,SC300/400,USA: UNITED STATES OF AMERICA,2JZGE: 3000CC 24-VALVE DOHC EFI,"MTM: MANUAL TRANSMISSION GEAR SHIFT TYPE: 5F: MTM, 5-SPEED FLOOR SHIFT",3L2,LD08
JT8CD32Z3V0040240,JT8CD32Z..,JZZ31L-ACMVFA,08/1996 -,08/1997,JZZ31,,N. America,02/1997,LEXUS,SC300/400,USA: UNITED STATES OF AMERICA,2JZGE: 3000CC 24-VALVE DOHC EFI,"MTM: MANUAL TRANSMISSION GEAR SHIFT TYPE: 5F: MTM, 5-SPEED FLOOR SHIFT",051,LD07
JT8CD32Z8V0040251,JT8CD32Z..,JZZ31L-ACMVFA,08/1996 -,08/1997,JZZ31,,N. America,02/1997,LEXUS,SC300/400,USA: UNITED STATES OF AMERICA,2JZGE: 3000CC 24-VALVE DOHC EFI,"MTM: MANUAL TRANSMISSION GEAR SHIFT TYPE: 5F: MTM, 5-SPEED FLOOR SHIFT",051,LD07
JT8CD32Z9V0040260,JT8CD32Z..,JZZ31L-ACMVFA,08/1996 -,08/1997,JZZ31,,N. America,02/1997,LEXUS,SC300/400,USA: UNITED STATES OF AMERICA,2JZGE: 3000CC 24-VALVE DOHC EFI,"MTM: MANUAL TRANSMISSION GEAR SHIFT TYPE: 5F: MTM, 5-SPEED FLOOR SHIFT",6P2,LD07
JT8CD32Z7V0040273,JT8CD32Z..,JZZ31L-ACMVFA,08/1996 -,08/1997,JZZ31,,N. America,02/1997,LEXUS,SC300/400,USA: UNITED STATES OF AMERICA,2JZGE: 3000CC 24-VALVE DOHC EFI,"MTM: MANUAL TRANSMISSION GEAR SHIFT TYPE: 5F: MTM, 5-SPEED FLOOR SHIFT",051,LD07
JT8CD32Z1V0040284,JT8CD32Z..,JZZ31L-ACMVFA,08/1996 -,08/1997,JZZ31,,N. America,03/1997,LEXUS,SC300/400,USA: UNITED STATES OF AMERICA,2JZGE: 3000CC 24-VALVE DOHC EFI,"MTM: MANUAL TRANSMISSION GEAR SHIFT TYPE: 5F: MTM, 5-SPEED FLOOR SHIFT",202,LD07
JT8CD32Z9V0040307,JT8CD32Z..,JZZ31L-ACMVFA,08/1996 -,08/1997,JZZ31,,N. America,03/1997,LEXUS,SC300/400,USA: UNITED STATES OF AMERICA,2JZGE: 3000CC 24-VALVE DOHC EFI,"MTM: MANUAL TRANSMISSION GEAR SHIFT TYPE: 5F: MTM, 5-SPEED FLOOR SHIFT",202,LD21
JT8CD32Z3V0040321,JT8CD32Z..,JZZ31L-ACMVFA,08/1996 -,08/1997,JZZ31,,N. America,03/1997,LEXUS,SC300/400,USA: UNITED STATES OF AMERICA,2JZGE: 3000CC 24-VALVE DOHC EFI,"MTM: MANUAL TRANSMISSION GEAR SHIFT TYPE: 5F: MTM, 5-SPEED FLOOR SHIFT",202,LD21
JT8CD32Z0V0040339,JT8CD32Z..,JZZ31L-ACMVFA,08/1996 -,08/1997,JZZ31,,N. America,03/1997,LEXUS,SC300/400,USA: UNITED STATES OF AMERICA,2JZGE: 3000CC 24-VALVE DOHC EFI,"MTM: MANUAL TRANSMISSION GEAR SHIFT TYPE: 5F: MTM, 5-SPEED FLOOR SHIFT",202,LD21
JT8CD32ZXV0040350,JT8CD32Z..,JZZ31L-ACMVFA,08/1996 -,08/1997,JZZ31,,N. America,03/1997,LEXUS,SC300/400,USA: UNITED STATES OF AMERICA,2JZGE: 3000CC 24-VALVE DOHC EFI,"MTM: MANUAL TRANSMISSION GEAR SHIFT TYPE: 5F: MTM, 5-SPEED FLOOR SHIFT",3L2,LD07
JT8CD32Z9V0040369,JT8CD32Z..,JZZ31L-ACMVFA,08/1996 -,08/1997,JZZ31,,N. America,03/1997,LEXUS,SC300/400,USA: UNITED STATES OF AMERICA,2JZGE: 3000CC 24-VALVE DOHC EFI,"MTM: MANUAL TRANSMISSION GEAR SHIFT TYPE: 5F: MTM, 5-SPEED FLOOR SHIFT",6P2,LD07
JT8CD32Z2V0040388,JT8CD32Z..,JZZ31L-ACMVFA,08/1996 -,08/1997,JZZ31,,N. America,03/1997,LEXUS,SC300/400,USA: UNITED STATES OF AMERICA,2JZGE: 3000CC 24-VALVE DOHC EFI,"MTM: MANUAL TRANSMISSION GEAR SHIFT TYPE: 5F: MTM, 5-SPEED FLOOR SHIFT",3L4,LD07
JT8CD32Z1V0040396,JT8CD32Z..,JZZ31L-ACMVFA,08/1996 -,08/1997,JZZ31,,N. America,03/1997,LEXUS,SC300/400,USA: UNITED STATES OF AMERICA,2JZGE: 3000CC 24-VALVE DOHC EFI,"MTM: MANUAL TRANSMISSION GEAR SHIFT TYPE: 5F: MTM, 5-SPEED FLOOR SHIFT",202,LD21
JT8CD32ZXV0040414,JT8CD32Z..,JZZ31L-ACMVFA,08/1996 -,08/1997,JZZ31,,N. America,03/1997,LEXUS,SC300/400,USA: UNITED STATES OF AMERICA,2JZGE: 3000CC 24-VALVE DOHC EFI,"MTM: MANUAL TRANSMISSION GEAR SHIFT TYPE: 5F: MTM, 5-SPEED FLOOR SHIFT",3L4,LD07
JT8CD32Z8V0040430,JT8CD32Z..,JZZ31L-ACMVFA,08/1996 -,08/1997,JZZ31,,N. America,03/1997,LEXUS,SC300/400,USA: UNITED STATES OF AMERICA,2JZGE: 3000CC 24-VALVE DOHC EFI,"MTM: MANUAL TRANSMISSION GEAR SHIFT TYPE: 5F: MTM, 5-SPEED FLOOR SHIFT",6P2,LD21
JT8CD32Z4V0040439,JT8CD32Z..,JZZ31L-ACMVFA,08/1996 -,08/1997,JZZ31,,N. America,03/1997,LEXUS,SC300/400,USA: UNITED STATES OF AMERICA,2JZGE: 3000CC 24-VALVE DOHC EFI,"MTM: MANUAL TRANSMISSION GEAR SHIFT TYPE: 5F: MTM, 5-SPEED FLOOR SHIFT",202,LD21
JT8CD32Z4V0040456,JT8CD32Z..,JZZ31L-ACMVFA,08/1996 -,08/1997,JZZ31,,N. America,03/1997,LEXUS,SC300/400,USA: UNITED STATES OF AMERICA,2JZGE: 3000CC 24-VALVE DOHC EFI,"MTM: MANUAL TRANSMISSION GEAR SHIFT TYPE: 5F: MTM, 5-SPEED FLOOR SHIFT",051,LD07
JT8CD32Z8V0040475,JT8CD32Z..,JZZ31L-ACMVFA,08/1996 -,08/1997,JZZ31,,N. America,03/1997,LEXUS,SC300/400,USA: UNITED STATES OF AMERICA,2JZGE: 3000CC 24-VALVE DOHC EFI,"MTM: MANUAL TRANSMISSION GEAR SHIFT TYPE: 5F: MTM, 5-SPEED FLOOR SHIFT",202,LD07
JT8CD32Z9V0040484,JT8CD32Z..,JZZ31L-ACMVFA,08/1996 -,08/1997,JZZ31,,N. America,03/1997,LEXUS,SC300/400,USA: UNITED STATES OF AMERICA,2JZGE: 3000CC 24-VALVE DOHC EFI,"MTM: MANUAL TRANSMISSION GEAR SHIFT TYPE: 5F: MTM, 5-SPEED FLOOR SHIFT",8L5,LD08
JT8CD32Z4V0040490,JT8CD32Z..,JZZ31L-ACMVFA,08/1996 -,08/1997,JZZ31,,N. America,03/1997,LEXUS,SC300/400,USA: UNITED STATES OF AMERICA,2JZGE: 3000CC 24-VALVE DOHC EFI,"MTM: MANUAL TRANSMISSION GEAR SHIFT TYPE: 5F: MTM, 5-SPEED FLOOR SHIFT",202,LD21
JT8CD32Z3V0040500,JT8CD32Z..,JZZ31L-ACMVFA,08/1996 -,08/1997,JZZ31,,N. America,03/1997,LEXUS,SC300/400,USA: UNITED STATES OF AMERICA,2JZGE: 3000CC 24-VALVE DOHC EFI,"MTM: MANUAL TRANSMISSION GEAR SHIFT TYPE: 5F: MTM, 5-SPEED FLOOR SHIFT",202,LD21
JT8CD32Z8V0040508,JT8CD32Z..,JZZ31L-ACMVFA,08/1996 -,08/1997,JZZ31,,N. America,03/1997,LEXUS,SC300/400,USA: UNITED STATES OF AMERICA,2JZGE: 3000CC 24-VALVE DOHC EFI,"MTM: MANUAL TRANSMISSION GEAR SHIFT TYPE: 5F: MTM, 5-SPEED FLOOR SHIFT",6P2,LD07
JT8CD32Z9V0040520,JT8CD32Z..,JZZ31L-ACMVFA,08/1996 -,08/1997,JZZ31,,N. America,03/1997,LEXUS,SC300/400,USA: UNITED STATES OF AMERICA,2JZGE: 3000CC 24-VALVE DOHC EFI,"MTM: MANUAL TRANSMISSION GEAR SHIFT TYPE: 5F: MTM, 5-SPEED FLOOR SHIFT",6P2,LD07
JT8CD32ZXV0040526,JT8CD32Z..,JZZ31L-ACMVFA,08/1996 -,08/1997,JZZ31,,N. America,03/1997,LEXUS,SC300/400,USA: UNITED STATES OF AMERICA,2JZGE: 3000CC 24-VALVE DOHC EFI,"MTM: MANUAL TRANSMISSION GEAR SHIFT TYPE: 5F: MTM, 5-SPEED FLOOR SHIFT",3K7,LD08
JT8CD32Z9V0040534,JT8CD32Z..,JZZ31L-ACMVFA,08/1996 -,08/1997,JZZ31,,N. America,03/1997,LEXUS,SC300/400,USA: UNITED STATES OF AMERICA,2JZGE: 3000CC 24-VALVE DOHC EFI,"MTM: MANUAL TRANSMISSION GEAR SHIFT TYPE: 5F: MTM, 5-SPEED FLOOR SHIFT",6P2,LD07
JT8CD32Z5V0040546,JT8CD32Z..,JZZ31L-ACMVFA,08/1996 -,08/1997,JZZ31,,N. America,03/1997,LEXUS,SC300/400,USA: UNITED STATES OF AMERICA,2JZGE: 3000CC 24-VALVE DOHC EFI,"MTM: MANUAL TRANSMISSION GEAR SHIFT TYPE: 5F: MTM, 5-SPEED FLOOR SHIFT",051,LD07
JT8CD32Z7V0040550,JT8CD32Z..,JZZ31L-ACMVFA,08/1996 -,08/1997,JZZ31,,N. America,03/1997,LEXUS,SC300/400,USA: UNITED STATES OF AMERICA,2JZGE: 3000CC 24-VALVE DOHC EFI,"MTM: MANUAL TRANSMISSION GEAR SHIFT TYPE: 5F: MTM, 5-SPEED FLOOR SHIFT",051,LD07
JT8CD32Z1V0040561,JT8CD32Z..,JZZ31L-ACMVFA,08/1996 -,08/1997,JZZ31,,N. America,03/1997,LEXUS,SC300/400,USA: UNITED STATES OF AMERICA,2JZGE: 3000CC 24-VALVE DOHC EFI,"MTM: MANUAL TRANSMISSION GEAR SHIFT TYPE: 5F: MTM, 5-SPEED FLOOR SHIFT",051,LD21
JT8CD32Z0V0040566,JT8CD32Z..,JZZ31L-ACMVFA,08/1996 -,08/1997,JZZ31,,N. America,03/1997,LEXUS,SC300/400,USA: UNITED STATES OF AMERICA,2JZGE: 3000CC 24-VALVE DOHC EFI,"MTM: MANUAL TRANSMISSION GEAR SHIFT TYPE: 5F: MTM, 5-SPEED FLOOR SHIFT",3L2,LD07
JT8CD32Z1V0040575,JT8CD32Z..,JZZ31L-ACMVFA,08/1996 -,08/1997,JZZ31,,N. America,03/1997,LEXUS,SC300/400,USA: UNITED STATES OF AMERICA,2JZGE: 3000CC 24-VALVE DOHC EFI,"MTM: MANUAL TRANSMISSION GEAR SHIFT TYPE: 5F: MTM, 5-SPEED FLOOR SHIFT",3L2,LD07
JT8CD32Z7V0040581,JT8CD32Z..,JZZ31L-ACMVFA,08/1996 -,08/1997,JZZ31,,N. America,03/1997,LEXUS,SC300/400,USA: UNITED STATES OF AMERICA,2JZGE: 3000CC 24-VALVE DOHC EFI,"MTM: MANUAL TRANSMISSION GEAR SHIFT TYPE: 5F: MTM, 5-SPEED FLOOR SHIFT",051,LD07
JT8CD32ZXV0040591,JT8CD32Z..,JZZ31L-ACMVFA,08/1996 -,08/1997,JZZ31,,N. America,03/1997,LEXUS,SC300/400,USA: UNITED STATES OF AMERICA,2JZGE: 3000CC 24-VALVE DOHC EFI,"MTM: MANUAL TRANSMISSION GEAR SHIFT TYPE: 5F: MTM, 5-SPEED FLOOR SHIFT",3L2,LD07
JT8CD32Z2V0040598,JT8CD32Z..,JZZ31L-ACMVFA,08/1996 -,08/1997,JZZ31,,N. America,03/1997,LEXUS,SC300/400,USA: UNITED STATES OF AMERICA,2JZGE: 3000CC 24-VALVE DOHC EFI,"MTM: MANUAL TRANSMISSION GEAR SHIFT TYPE: 5F: MTM, 5-SPEED FLOOR SHIFT",202,LD07
JT8CD32Z1V0040608,JT8CD32Z..,JZZ31L-ACMVFA,08/1996 -,08/1997,JZZ31,,N. America,03/1997,LEXUS,SC300/400,USA: UNITED STATES OF AMERICA,2JZGE: 3000CC 24-VALVE DOHC EFI,"MTM: MANUAL TRANSMISSION GEAR SHIFT TYPE: 5F: MTM, 5-SPEED FLOOR SHIFT",202,LD07
JT8CD32Z6V0040622,JT8CD32Z..,JZZ31L-ACMVFA,08/1996 -,08/1997,JZZ31,,N. America,03/1997,LEXUS,SC300/400,USA: UNITED STATES OF AMERICA,2JZGE: 3000CC 24-VALVE DOHC EFI,"MTM: MANUAL TRANSMISSION GEAR SHIFT TYPE: 5F: MTM, 5-SPEED FLOOR SHIFT",3L2,LD07
JT8CD32Z9V0040629,JT8CD32Z..,JZZ31L-ACMVFA,08/1996 -,08/1997,JZZ31,,N. America,03/1997,LEXUS,SC300/400,USA: UNITED STATES OF AMERICA,2JZGE: 3000CC 24-VALVE DOHC EFI,"MTM: MANUAL TRANSMISSION GEAR SHIFT TYPE: 5F: MTM, 5-SPEED FLOOR SHIFT",202,LD21
JT8CD32Z8V0040637,JT8CD32Z..,JZZ31L-ACMVFA,08/1996 -,08/1997,JZZ31,,N. America,03/1997,LEXUS,SC300/400,USA: UNITED STATES OF AMERICA,2JZGE: 3000CC 24-VALVE DOHC EFI,"MTM: MANUAL TRANSMISSION GEAR SHIFT TYPE: 5F: MTM, 5-SPEED FLOOR SHIFT",3L2,FE07
JT8CD32Z3V0040643,JT8CD32Z..,JZZ31L-ACMVFA,08/1996 -,08/1997,JZZ31,,N. America,03/1997,LEXUS,SC300/400,USA: UNITED STATES OF AMERICA,2JZGE: 3000CC 24-VALVE DOHC EFI,"MTM: MANUAL TRANSMISSION GEAR SHIFT TYPE: 5F: MTM, 5-SPEED FLOOR SHIFT",202,LD21
JT8CD32Z0V0040650,JT8CD32Z..,JZZ31L-ACMVFA,08/1996 -,08/1997,JZZ31,,N. America,03/1997,LEXUS,SC300/400,USA: UNITED STATES OF AMERICA,2JZGE: 3000CC 24-VALVE DOHC EFI,"MTM: MANUAL TRANSMISSION GEAR SHIFT TYPE: 5F: MTM, 5-SPEED FLOOR SHIFT",8L5,LD08
JT8CD32Z5V0040661,JT8CD32Z..,JZZ31L-ACMVFA,08/1996 -,08/1997,JZZ31,,N. America,03/1997,LEXUS,SC300/400,USA: UNITED STATES OF AMERICA,2JZGE: 3000CC 24-VALVE DOHC EFI,"MTM: MANUAL TRANSMISSION GEAR SHIFT TYPE: 5F: MTM, 5-SPEED FLOOR SHIFT",1A0,LD21
JT8CD32Z0V0040681,JT8CD32Z..,JZZ31L-ACMVFA,08/1996 -,08/1997,JZZ31,,N. America,03/1997,LEXUS,SC300/400,USA: UNITED STATES OF AMERICA,2JZGE: 3000CC 24-VALVE DOHC EFI,"MTM: MANUAL TRANSMISSION GEAR SHIFT TYPE: 5F: MTM, 5-SPEED FLOOR SHIFT",1A0,LD21
JT8CD32Z4V0040697,JT8CD32Z..,JZZ31L-ACMVFA,08/1996 -,08/1997,JZZ31,,N. America,03/1997,LEXUS,SC300/400,USA: UNITED STATES OF AMERICA,2JZGE: 3000CC 24-VALVE DOHC EFI,"MTM: MANUAL TRANSMISSION GEAR SHIFT TYPE: 5F: MTM, 5-SPEED FLOOR SHIFT",3L2,LD07
JT8CD32Z3V0040710,JT8CD32Z..,JZZ31L-ACMVFA,08/1996 -,08/1997,JZZ31,,N. America,03/1997,LEXUS,SC300/400,USA: UNITED STATES OF AMERICA,2JZGE: 3000CC 24-VALVE DOHC EFI,"MTM: MANUAL TRANSMISSION GEAR SHIFT TYPE: 5F: MTM, 5-SPEED FLOOR SHIFT",3L2,LD07
JT8CD32Z5V0040725,JT8CD32Z..,JZZ31L-ACMVFA,08/1996 -,08/1997,JZZ31,,N. America,03/1997,LEXUS,SC300/400,USA: UNITED STATES OF AMERICA,2JZGE: 3000CC 24-VALVE DOHC EFI,"MTM: MANUAL TRANSMISSION GEAR SHIFT TYPE: 5F: MTM, 5-SPEED FLOOR SHIFT",202,LD07
JT8CD32Z3V0040738,JT8CD32Z..,JZZ31L-ACMVFA,08/1996 -,08/1997,JZZ31,,N. America,03/1997,LEXUS,SC300/400,USA: UNITED STATES OF AMERICA,2JZGE: 3000CC 24-VALVE DOHC EFI,"MTM: MANUAL TRANSMISSION GEAR SHIFT TYPE: 5F: MTM, 5-SPEED FLOOR SHIFT",202,LD08
JT8CD32Z8V0040749,JT8CD32Z..,JZZ31L-ACMVFA,08/1996 -,08/1997,JZZ31,,N. America,03/1997,LEXUS,SC300/400,USA: UNITED STATES OF AMERICA,2JZGE: 3000CC 24-VALVE DOHC EFI,"MTM: MANUAL TRANSMISSION GEAR SHIFT TYPE: 5F: MTM, 5-SPEED FLOOR SHIFT",3L2,LD07
JT8CD32Z2V0040763,JT8CD32Z..,JZZ31L-ACMVFA,08/1996 -,08/1997,JZZ31,,N. America,03/1997,LEXUS,SC300/400,USA: UNITED STATES OF AMERICA,2JZGE: 3000CC 24-VALVE DOHC EFI,"MTM: MANUAL TRANSMISSION GEAR SHIFT TYPE: 5F: MTM, 5-SPEED FLOOR SHIFT",202,LD07
JT8CD32Z0V0040776,JT8CD32Z..,JZZ31L-ACMVFA,08/1996 -,08/1997,JZZ31,,N. America,03/1997,LEXUS,SC300/400,USA: UNITED STATES OF AMERICA,2JZGE: 3000CC 24-VALVE DOHC EFI,"MTM: MANUAL TRANSMISSION GEAR SHIFT TYPE: 5F: MTM, 5-SPEED FLOOR SHIFT",051,LD07
JT8CD32Z1V0040785,JT8CD32Z..,JZZ31L-ACMVFA,08/1996 -,08/1997,JZZ31,,N. America,03/1997,LEXUS,SC300/400,USA: UNITED STATES OF AMERICA,2JZGE: 3000CC 24-VALVE DOHC EFI,"MTM: MANUAL TRANSMISSION GEAR SHIFT TYPE: 5F: MTM, 5-SPEED FLOOR SHIFT",202,LD07
JT8CD32Z8V0040797,JT8CD32Z..,JZZ31L-ACMVFA,08/1996 -,08/1997,JZZ31,,N. America,03/1997,LEXUS,SC300/400,USA: UNITED STATES OF AMERICA,2JZGE: 3000CC 24-VALVE DOHC EFI,"MTM: MANUAL TRANSMISSION GEAR SHIFT TYPE: 5F: MTM, 5-SPEED FLOOR SHIFT",3L2,LD07
JT8CD32Z1V0040804,JT8CD32Z..,JZZ31L-ACMVFA,08/1996 -,08/1997,JZZ31,,N. America,03/1997,LEXUS,SC300/400,USA: UNITED STATES OF AMERICA,2JZGE: 3000CC 24-VALVE DOHC EFI,"MTM: MANUAL TRANSMISSION GEAR SHIFT TYPE: 5F: MTM, 5-SPEED FLOOR SHIFT",051,LD07
JT8CD32Z4V0040814,JT8CD32Z..,JZZ31L-ACMVFA,08/1996 -,08/1997,JZZ31,,N. America,03/1997,LEXUS,SC300/400,USA: UNITED STATES OF AMERICA,2JZGE: 3000CC 24-VALVE DOHC EFI,"MTM: MANUAL TRANSMISSION GEAR SHIFT TYPE: 5F: MTM, 5-SPEED FLOOR SHIFT",202,LD21
JT8CD32Z5V0040823,JT8CD32Z..,JZZ31L-ACMVFA,08/1996 -,08/1997,JZZ31,,N. America,03/1997,LEXUS,SC300/400,USA: UNITED STATES OF AMERICA,2JZGE: 3000CC 24-VALVE DOHC EFI,"MTM: MANUAL TRANSMISSION GEAR SHIFT TYPE: 5F: MTM, 5-SPEED FLOOR SHIFT",6P2,LD07
JT8CD32Z4V0040831,JT8CD32Z..,JZZ31L-ACMVFA,08/1996 -,08/1997,JZZ31,,N. America,03/1997,LEXUS,SC300/400,USA: UNITED STATES OF AMERICA,2JZGE: 3000CC 24-VALVE DOHC EFI,"MTM: MANUAL TRANSMISSION GEAR SHIFT TYPE: 5F: MTM, 5-SPEED FLOOR SHIFT",051,LD07
JT8CD32Z6V0040863,JT8CD32Z..,JZZ31L-ACMVFA,08/1996 -,08/1997,JZZ31,,N. America,03/1997,LEXUS,SC300/400,USA: UNITED STATES OF AMERICA,2JZGE: 3000CC 24-VALVE DOHC EFI,"MTM: MANUAL TRANSMISSION GEAR SHIFT TYPE: 5F: MTM, 5-SPEED FLOOR SHIFT",051,LD07
JT8CD32Z3V0040898,JT8CD32Z..,JZZ31L-ACMVFA,08/1996 -,08/1997,JZZ31,,N. America,03/1997,LEXUS,SC300/400,USA: UNITED STATES OF AMERICA,2JZGE: 3000CC 24-VALVE DOHC EFI,"MTM: MANUAL TRANSMISSION GEAR SHIFT TYPE: 5F: MTM, 5-SPEED FLOOR SHIFT",051,LD07
JT8CD32Z6V0040927,JT8CD32Z..,JZZ31L-ACMVFA,08/1996 -,08/1997,JZZ31,,N. America,03/1997,LEXUS,SC300/400,USA: UNITED STATES OF AMERICA,2JZGE: 3000CC 24-VALVE DOHC EFI,"MTM: MANUAL TRANSMISSION GEAR SHIFT TYPE: 5F: MTM, 5-SPEED FLOOR SHIFT",202,LD21
JT8CD32Z6V0040958,JT8CD32Z..,JZZ31L-ACMVFA,08/1996 -,08/1997,JZZ31,,N. America,03/1997,LEXUS,SC300/400,USA: UNITED STATES OF AMERICA,2JZGE: 3000CC 24-VALVE DOHC EFI,"MTM: MANUAL TRANSMISSION GEAR SHIFT TYPE: 5F: MTM, 5-SPEED FLOOR SHIFT",202,LD21
JT8CD32Z2V1000001,JT8CD32Z..,JZZ31L-ACMVFA,08/1996 -,08/1997,JZZ31,,N. America,05/1997,LEXUS,SC300/400,USA: UNITED STATES OF AMERICA,2JZGE: 3000CC 24-VALVE DOHC EFI,"MTM: MANUAL TRANSMISSION GEAR SHIFT TYPE: 5F: MTM, 5-SPEED FLOOR SHIFT",3L2,LD07
JT8CD32Z7V1000026,JT8CD32Z..,JZZ31L-ACMVFA,08/1996 -,08/1997,JZZ31,,N. America,05/1997,LEXUS,SC300/400,USA: UNITED STATES OF AMERICA,2JZGE: 3000CC 24-VALVE DOHC EFI,"MTM: MANUAL TRANSMISSION GEAR SHIFT TYPE: 5F: MTM, 5-SPEED FLOOR SHIFT",8L5,LD21
JT8CD32Z0V1000031,JT8CD32Z..,JZZ31L-ACMVFA,08/1996 -,08/1997,JZZ31,,N. America,05/1997,LEXUS,SC300/400,USA: UNITED STATES OF AMERICA,2JZGE: 3000CC 24-VALVE DOHC EFI,"MTM: MANUAL TRANSMISSION GEAR SHIFT TYPE: 5F: MTM, 5-SPEED FLOOR SHIFT",202,LD07
JT8CD32Z8V1000035,JT8CD32Z..,JZZ31L-ACMVFA,08/1996 -,08/1997,JZZ31,,N. America,05/1997,LEXUS,SC300/400,USA: UNITED STATES OF AMERICA,2JZGE: 3000CC 24-VALVE DOHC EFI,"MTM: MANUAL TRANSMISSION GEAR SHIFT TYPE: 5F: MTM, 5-SPEED FLOOR SHIFT",1A0,LD21
JT8CD32Z9V1000044,JT8CD32Z..,JZZ31L-ACMVFA,08/1996 -,08/1997,JZZ31,,N. America,05/1997,LEXUS,SC300/400,USA: UNITED STATES OF AMERICA,2JZGE: 3000CC 24-VALVE DOHC EFI,"MTM: MANUAL TRANSMISSION GEAR SHIFT TYPE: 5F: MTM, 5-SPEED FLOOR SHIFT",051,LD07
JT8CD32Z4V1000047,JT8CD32Z..,JZZ31L-ACMVFA,08/1996 -,08/1997,JZZ31,,N. America,05/1997,LEXUS,SC300/400,USA: UNITED STATES OF AMERICA,2JZGE: 3000CC 24-VALVE DOHC EFI,"MTM: MANUAL TRANSMISSION GEAR SHIFT TYPE: 5F: MTM, 5-SPEED FLOOR SHIFT",051,LD07
JT8CD32Z7V1000057,JT8CD32Z..,JZZ31L-ACMVFA,08/1996 -,08/1997,JZZ31,,N. America,05/1997,LEXUS,SC300/400,USA: UNITED STATES OF AMERICA,2JZGE: 3000CC 24-VALVE DOHC EFI,"MTM: MANUAL TRANSMISSION GEAR SHIFT TYPE: 5F: MTM, 5-SPEED FLOOR SHIFT",051,LD07
JT8CD32Z4V1000064,JT8CD32Z..,JZZ31L-ACMVFA,08/1996 -,08/1997,JZZ31,,N. America,05/1997,LEXUS,SC300/400,USA: UNITED STATES OF AMERICA,2JZGE: 3000CC 24-VALVE DOHC EFI,"MTM: MANUAL TRANSMISSION GEAR SHIFT TYPE: 5F: MTM, 5-SPEED FLOOR SHIFT",202,LD21
JT8CD32Z3V1000069,JT8CD32Z..,JZZ31L-ACMVFA,08/1996 -,08/1997,JZZ31,,N. America,05/1997,LEXUS,SC300/400,USA: UNITED STATES OF AMERICA,2JZGE: 3000CC 24-VALVE DOHC EFI,"MTM: MANUAL TRANSMISSION GEAR SHIFT TYPE: 5F: MTM, 5-SPEED FLOOR SHIFT",6P2,LD07
JT8CD32Z1V1000071,JT8CD32Z..,JZZ31L-ACMVFA,08/1996 -,08/1997,JZZ31,,N. America,05/1997,LEXUS,SC300/400,USA: UNITED STATES OF AMERICA,2JZGE: 3000CC 24-VALVE DOHC EFI,"MTM: MANUAL TRANSMISSION GEAR SHIFT TYPE: 5F: MTM, 5-SPEED FLOOR SHIFT",6P2,LD07
JT8CD32Z8V1000083,JT8CD32Z..,JZZ31L-ACMVFA,08/1996 -,08/1997,JZZ31,,N. America,05/1997,LEXUS,SC300/400,USA: UNITED STATES OF AMERICA,2JZGE: 3000CC 24-VALVE DOHC EFI,"MTM: MANUAL TRANSMISSION GEAR SHIFT TYPE: 5F: MTM, 5-SPEED FLOOR SHIFT",202,LD21
JT8CD32Z5V1000087,JT8CD32Z..,JZZ31L-ACMVFA,08/1996 -,08/1997,JZZ31,,N. America,05/1997,LEXUS,SC300/400,USA: UNITED STATES OF AMERICA,2JZGE: 3000CC 24-VALVE DOHC EFI,"MTM: MANUAL TRANSMISSION GEAR SHIFT TYPE: 5F: MTM, 5-SPEED FLOOR SHIFT",202,LD07
JT8CD32Z7V1000088,JT8CD32Z..,JZZ31L-ACMVFA,08/1996 -,08/1997,JZZ31,,N. America,05/1997,LEXUS,SC300/400,USA: UNITED STATES OF AMERICA,2JZGE: 3000CC 24-VALVE DOHC EFI,"MTM: MANUAL TRANSMISSION GEAR SHIFT TYPE: 5F: MTM, 5-SPEED FLOOR SHIFT",202,LD07
JT8CD32Z0V1000093,JT8CD32Z..,JZZ31L-ACMVFA,08/1996 -,08/1997,JZZ31,,N. America,05/1997,LEXUS,SC300/400,USA: UNITED STATES OF AMERICA,2JZGE: 3000CC 24-VALVE DOHC EFI,"MTM: MANUAL TRANSMISSION GEAR SHIFT TYPE: 5F: MTM, 5-SPEED FLOOR SHIFT",6P2,LD07
JT8CD32Z4V1000100,JT8CD32Z..,JZZ31L-ACMVFA,08/1996 -,08/1997,JZZ31,,N. America,05/1997,LEXUS,SC300/400,USA: UNITED STATES OF AMERICA,2JZGE: 3000CC 24-VALVE DOHC EFI,"MTM: MANUAL TRANSMISSION GEAR SHIFT TYPE: 5F: MTM, 5-SPEED FLOOR SHIFT",6P2,LD07
JT8CD32Z0V1000109,JT8CD32Z..,JZZ31L-ACMVFA,08/1996 -,08/1997,JZZ31,,N. America,05/1997,LEXUS,SC300/400,USA: UNITED STATES OF AMERICA,2JZGE: 3000CC 24-VALVE DOHC EFI,"MTM: MANUAL TRANSMISSION GEAR SHIFT TYPE: 5F: MTM, 5-SPEED FLOOR SHIFT",3L2,LD07
JT8CD32Z0V1000112,JT8CD32Z..,JZZ31L-ACMVFA,08/1996 -,08/1997,JZZ31,,N. America,05/1997,LEXUS,SC300/400,USA: UNITED STATES OF AMERICA,2JZGE: 3000CC 24-VALVE DOHC EFI,"MTM: MANUAL TRANSMISSION GEAR SHIFT TYPE: 5F: MTM, 5-SPEED FLOOR SHIFT",202,LD21
JT8CD32Z3V1000122,JT8CD32Z..,JZZ31L-ACMVFA,08/1996 -,08/1997,JZZ31,,N. America,05/1997,LEXUS,SC300/400,USA: UNITED STATES OF AMERICA,2JZGE: 3000CC 24-VALVE DOHC EFI,"MTM: MANUAL TRANSMISSION GEAR SHIFT TYPE: 5F: MTM, 5-SPEED FLOOR SHIFT",3L2,LD07
JT8CD32Z9V1000125,JT8CD32Z..,JZZ31L-ACMVFA,08/1996 -,08/1997,JZZ31,,N. America,05/1997,LEXUS,SC300/400,USA: UNITED STATES OF AMERICA,2JZGE: 3000CC 24-VALVE DOHC EFI,"MTM: MANUAL TRANSMISSION GEAR SHIFT TYPE: 5F: MTM, 5-SPEED FLOOR SHIFT",051,LD07
JT8CD32Z9V1000142,JT8CD32Z..,JZZ31L-ACMVFA,08/1996 -,08/1997,JZZ31,,N. America,05/1997,LEXUS,SC300/400,USA: UNITED STATES OF AMERICA,2JZGE: 3000CC 24-VALVE DOHC EFI,"MTM: MANUAL TRANSMISSION GEAR SHIFT TYPE: 5F: MTM, 5-SPEED FLOOR SHIFT",3L2,LD07
JT8CD32Z8V1000150,JT8CD32Z..,JZZ31L-ACMVFA,08/1996 -,08/1997,JZZ31,,N. America,05/1997,LEXUS,SC300/400,USA: UNITED STATES OF AMERICA,2JZGE: 3000CC 24-VALVE DOHC EFI,"MTM: MANUAL TRANSMISSION GEAR SHIFT TYPE: 5F: MTM, 5-SPEED FLOOR SHIFT",051,LD07
JT8CD32Z3V1000153,JT8CD32Z..,JZZ31L-ACMVFA,08/1996 -,08/1997,JZZ31,,N. America,05/1997,LEXUS,SC300/400,USA: UNITED STATES OF AMERICA,2JZGE: 3000CC 24-VALVE DOHC EFI,"MTM: MANUAL TRANSMISSION GEAR SHIFT TYPE: 5F: MTM, 5-SPEED FLOOR SHIFT",3L2,LD07
JT8CD32Z1V1000166,JT8CD32Z..,JZZ31L-ACMVFA,08/1996 -,08/1997,JZZ31,,N. America,05/1997,LEXUS,SC300/400,USA: UNITED STATES OF AMERICA,2JZGE: 3000CC 24-VALVE DOHC EFI,"MTM: MANUAL TRANSMISSION GEAR SHIFT TYPE: 5F: MTM, 5-SPEED FLOOR SHIFT",051,LD07
JT8CD32Z5V1000168,JT8CD32Z..,JZZ31L-ACMVFA,08/1996 -,08/1997,JZZ31,,N. America,05/1997,LEXUS,SC300/400,USA: UNITED STATES OF AMERICA,2JZGE: 3000CC 24-VALVE DOHC EFI,"MTM: MANUAL TRANSMISSION GEAR SHIFT TYPE: 5F: MTM, 5-SPEED FLOOR SHIFT",6P2,LD07
JT8CD32Z0V1000188,JT8CD32Z..,JZZ31L-ACMVFA,08/1996 -,08/1997,JZZ31,,N. America,05/1997,LEXUS,SC300/400,USA: UNITED STATES OF AMERICA,2JZGE: 3000CC 24-VALVE DOHC EFI,"MTM: MANUAL TRANSMISSION GEAR SHIFT TYPE: 5F: MTM, 5-SPEED FLOOR SHIFT",1A0,LD21
JT8CD32Z0V1000191,JT8CD32Z..,JZZ31L-ACMVFA,08/1996 -,08/1997,JZZ31,,N. America,05/1997,LEXUS,SC300/400,USA: UNITED STATES OF AMERICA,2JZGE: 3000CC 24-VALVE DOHC EFI,"MTM: MANUAL TRANSMISSION GEAR SHIFT TYPE: 5F: MTM, 5-SPEED FLOOR SHIFT",6P2,LD07
JT8CD32Z9V1000206,JT8CD32Z..,JZZ31L-ACMVFA,08/1996 -,08/1997,JZZ31,,N. America,05/1997,LEXUS,SC300/400,USA: UNITED STATES OF AMERICA,2JZGE: 3000CC 24-VALVE DOHC EFI,"MTM: MANUAL TRANSMISSION GEAR SHIFT TYPE: 5F: MTM, 5-SPEED FLOOR SHIFT",1A0,LD21
JT8CD32Z8V1000214,JT8CD32Z..,JZZ31L-ACMVFA,08/1996 -,08/1997,JZZ31,,N. America,05/1997,LEXUS,SC300/400,USA: UNITED STATES OF AMERICA,2JZGE: 3000CC 24-VALVE DOHC EFI,"MTM: MANUAL TRANSMISSION GEAR SHIFT TYPE: 5F: MTM, 5-SPEED FLOOR SHIFT",051,LD07
JT8CD32Z0V1000224,JT8CD32Z..,JZZ31L-ACMVFA,08/1996 -,08/1997,JZZ31,,N. America,05/1997,LEXUS,SC300/400,USA: UNITED STATES OF AMERICA,2JZGE: 3000CC 24-VALVE DOHC EFI,"MTM: MANUAL TRANSMISSION GEAR SHIFT TYPE: 5F: MTM, 5-SPEED FLOOR SHIFT",1A0,LD21
JT8CD32Z4V1000226,JT8CD32Z..,JZZ31L-ACMVFA,08/1996 -,08/1997,JZZ31,,N. America,05/1997,LEXUS,SC300/400,USA: UNITED STATES OF AMERICA,2JZGE: 3000CC 24-VALVE DOHC EFI,"MTM: MANUAL TRANSMISSION GEAR SHIFT TYPE: 5F: MTM, 5-SPEED FLOOR SHIFT",051,LD07
JT8CD32Z5V1000252,JT8CD32Z..,JZZ31L-ACMVFA,08/1996 -,08/1997,JZZ31,,N. America,05/1997,LEXUS,SC300/400,USA: UNITED STATES OF AMERICA,2JZGE: 3000CC 24-VALVE DOHC EFI,"MTM: MANUAL TRANSMISSION GEAR SHIFT TYPE: 5F: MTM, 5-SPEED FLOOR SHIFT",202,LD07
JT8CD32Z4V1000260,JT8CD32Z..,JZZ31L-ACMVFA,08/1996 -,08/1997,JZZ31,,N. America,05/1997,LEXUS,SC300/400,USA: UNITED STATES OF AMERICA,2JZGE: 3000CC 24-VALVE DOHC EFI,"MTM: MANUAL TRANSMISSION GEAR SHIFT TYPE: 5F: MTM, 5-SPEED FLOOR SHIFT",202,LD07
JT8CD32Z0V1000269,JT8CD32Z..,JZZ31L-ACMVFA,08/1996 -,08/1997,JZZ31,,N. America,05/1997,LEXUS,SC300/400,USA: UNITED STATES OF AMERICA,2JZGE: 3000CC 24-VALVE DOHC EFI,"MTM: MANUAL TRANSMISSION GEAR SHIFT TYPE: 5F: MTM, 5-SPEED FLOOR SHIFT",202,LD21
JT8CD32ZXV1000280,JT8CD32Z..,JZZ31L-ACMVFA,08/1996 -,08/1997,JZZ31,,N. America,05/1997,LEXUS,SC300/400,USA: UNITED STATES OF AMERICA,2JZGE: 3000CC 24-VALVE DOHC EFI,"MTM: MANUAL TRANSMISSION GEAR SHIFT TYPE: 5F: MTM, 5-SPEED FLOOR SHIFT",202,LD07
JT8CD32Z2V1000290,JT8CD32Z..,JZZ31L-ACMVFA,08/1996 -,08/1997,JZZ31,,N. America,05/1997,LEXUS,SC300/400,USA: UNITED STATES OF AMERICA,2JZGE: 3000CC 24-VALVE DOHC EFI,"MTM: MANUAL TRANSMISSION GEAR SHIFT TYPE: 5F: MTM, 5-SPEED FLOOR SHIFT",202,LD07
JT8CD32Z0V1000305,JT8CD32Z..,JZZ31L-ACMVFA,08/1996 -,08/1997,JZZ31,,N. America,06/1997,LEXUS,SC300/400,USA: UNITED STATES OF AMERICA,2JZGE: 3000CC 24-VALVE DOHC EFI,"MTM: MANUAL TRANSMISSION GEAR SHIFT TYPE: 5F: MTM, 5-SPEED FLOOR SHIFT",202,LD07
JT8CD32Z4V1000310,JT8CD32Z..,JZZ31L-ACMVFA,08/1996 -,08/1997,JZZ31,,N. America,05/1997,LEXUS,SC300/400,USA: UNITED STATES OF AMERICA,2JZGE: 3000CC 24-VALVE DOHC EFI,"MTM: MANUAL TRANSMISSION GEAR SHIFT TYPE: 5F: MTM, 5-SPEED FLOOR SHIFT",202,LD21
JT8CD32Z8V1000312,JT8CD32Z..,JZZ31L-ACMVFA,08/1996 -,08/1997,JZZ31,,N. America,06/1997,LEXUS,SC300/400,USA: UNITED STATES OF AMERICA,2JZGE: 3000CC 24-VALVE DOHC EFI,"MTM: MANUAL TRANSMISSION GEAR SHIFT TYPE: 5F: MTM, 5-SPEED FLOOR SHIFT",202,LD07
JT8CD32ZXV1000330,JT8CD32Z..,JZZ31L-ACMVFA,08/1996 -,08/1997,JZZ31,,N. America,06/1997,LEXUS,SC300/400,USA: UNITED STATES OF AMERICA,2JZGE: 3000CC 24-VALVE DOHC EFI,"MTM: MANUAL TRANSMISSION GEAR SHIFT TYPE: 5F: MTM, 5-SPEED FLOOR SHIFT",202,LD21
JT8CD32Z6V1000339,JT8CD32Z..,JZZ31L-ACMVFA,08/1996 -,08/1997,JZZ31,,N. America,06/1997,LEXUS,SC300/400,USA: UNITED STATES OF AMERICA,2JZGE: 3000CC 24-VALVE DOHC EFI,"MTM: MANUAL TRANSMISSION GEAR SHIFT TYPE: 5F: MTM, 5-SPEED FLOOR SHIFT",3L2,LD07
JT8CD32Z9V1000349,JT8CD32Z..,JZZ31L-ACMVFA,08/1996 -,08/1997,JZZ31,,N. America,06/1997,LEXUS,SC300/400,USA: UNITED STATES OF AMERICA,2JZGE: 3000CC 24-VALVE DOHC EFI,"MTM: MANUAL TRANSMISSION GEAR SHIFT TYPE: 5F: MTM, 5-SPEED FLOOR SHIFT",202,LD07
JT8CD32Z8V1000374,JT8CD32Z..,JZZ31L-ACMVFA,08/1996 -,08/1997,JZZ31,,N. America,06/1997,LEXUS,SC300/400,USA: UNITED STATES OF AMERICA,2JZGE: 3000CC 24-VALVE DOHC EFI,"MTM: MANUAL TRANSMISSION GEAR SHIFT TYPE: 5F: MTM, 5-SPEED FLOOR SHIFT",202,LD21
JT8CD32Z3V1000394,JT8CD32Z..,JZZ31L-ACMVFA,08/1996 -,08/1997,JZZ31,,N. America,06/1997,LEXUS,SC300/400,USA: UNITED STATES OF AMERICA,2JZGE: 3000CC 24-VALVE DOHC EFI,"MTM: MANUAL TRANSMISSION GEAR SHIFT TYPE: 5F: MTM, 5-SPEED FLOOR SHIFT",1A0,LD21
JT8CD32Z5V1000400,JT8CD32Z..,JZZ31L-ACMVFA,08/1996 -,08/1997,JZZ31,,N. America,06/1997,LEXUS,SC300/400,USA: UNITED STATES OF AMERICA,2JZGE: 3000CC 24-VALVE DOHC EFI,"MTM: MANUAL TRANSMISSION GEAR SHIFT TYPE: 5F: MTM, 5-SPEED FLOOR SHIFT",202,LD07
JT8CD32Z1V1000412,JT8CD32Z..,JZZ31L-ACMVFA,08/1996 -,08/1997,JZZ31,,N. America,06/1997,LEXUS,SC300/400,USA: UNITED STATES OF AMERICA,2JZGE: 3000CC 24-VALVE DOHC EFI,"MTM: MANUAL TRANSMISSION GEAR SHIFT TYPE: 5F: MTM, 5-SPEED FLOOR SHIFT",051,LD07
JT8CD32Z1V1000426,JT8CD32Z..,JZZ31L-ACMVFA,08/1996 -,08/1997,JZZ31,,N. America,06/1997,LEXUS,SC300/400,USA: UNITED STATES OF AMERICA,2JZGE: 3000CC 24-VALVE DOHC EFI,"MTM: MANUAL TRANSMISSION GEAR SHIFT TYPE: 5F: MTM, 5-SPEED FLOOR SHIFT",1A0,LD21
JT8CD32Z8V1000438,JT8CD32Z..,JZZ31L-ACMVFA,08/1996 -,08/1997,JZZ31,,N. America,06/1997,LEXUS,SC300/400,USA: UNITED STATES OF AMERICA,2JZGE: 3000CC 24-VALVE DOHC EFI,"MTM: MANUAL TRANSMISSION GEAR SHIFT TYPE: 5F: MTM, 5-SPEED FLOOR SHIFT",3L2,LD07
JT8CD32Z5V1000445,JT8CD32Z..,JZZ31L-ACMVFA,08/1996 -,08/1997,JZZ31,,N. America,06/1997,LEXUS,SC300/400,USA: UNITED STATES OF AMERICA,2JZGE: 3000CC 24-VALVE DOHC EFI,"MTM: MANUAL TRANSMISSION GEAR SHIFT TYPE: 5F: MTM, 5-SPEED FLOOR SHIFT",202,LD07
JT8CD32Z0V1000448,JT8CD32Z..,JZZ31L-ACMVFA,08/1996 -,08/1997,JZZ31,,N. America,06/1997,LEXUS,SC300/400,USA: UNITED STATES OF AMERICA,2JZGE: 3000CC 24-VALVE DOHC EFI,"MTM: MANUAL TRANSMISSION GEAR SHIFT TYPE: 5F: MTM, 5-SPEED FLOOR SHIFT",202,LD07
JT8CD32Z8V1000469,JT8CD32Z..,JZZ31L-ACMVFA,08/1996 -,08/1997,JZZ31,,N. America,06/1997,LEXUS,SC300/400,USA: UNITED STATES OF AMERICA,2JZGE: 3000CC 24-VALVE DOHC EFI,"MTM: MANUAL TRANSMISSION GEAR SHIFT TYPE: 5F: MTM, 5-SPEED FLOOR SHIFT",202,LD07
JT8CD32ZXV1000490,JT8CD32Z..,JZZ31L-ACMVFA,08/1996 -,08/1997,JZZ31,,N. America,06/1997,LEXUS,SC300/400,USA: UNITED STATES OF AMERICA,2JZGE: 3000CC 24-VALVE DOHC EFI,"MTM: MANUAL TRANSMISSION GEAR SHIFT TYPE: 5F: MTM, 5-SPEED FLOOR SHIFT",202,LD21
JT8CD32Z3V1000511,JT8CD32Z..,JZZ31L-ACMVFA,08/1996 -,08/1997,JZZ31,,N. America,06/1997,LEXUS,SC300/400,USA: UNITED STATES OF AMERICA,2JZGE: 3000CC 24-VALVE DOHC EFI,"MTM: MANUAL TRANSMISSION GEAR SHIFT TYPE: 5F: MTM, 5-SPEED FLOOR SHIFT",3L2,LD07
JT8CD32Z6V1000535,JT8CD32Z..,JZZ31L-ACMVFA,08/1996 -,08/1997,JZZ31,,N. America,06/1997,LEXUS,SC300/400,USA: UNITED STATES OF AMERICA,2JZGE: 3000CC 24-VALVE DOHC EFI,"MTM: MANUAL TRANSMISSION GEAR SHIFT TYPE: 5F: MTM, 5-SPEED FLOOR SHIFT",3L2,LD07
JT8CD32Z1V1000555,JT8CD32Z..,JZZ31L-ACMVFA,08/1996 -,08/1997,JZZ31,,N. America,06/1997,LEXUS,SC300/400,USA: UNITED STATES OF AMERICA,2JZGE: 3000CC 24-VALVE DOHC EFI,"MTM: MANUAL TRANSMISSION GEAR SHIFT TYPE: 5F: MTM, 5-SPEED FLOOR SHIFT",3L2,LD07
JT8CD32Z4V1000579,JT8CD32Z..,JZZ31L-ACMVFA,08/1996 -,08/1997,JZZ31,,N. America,06/1997,LEXUS,SC300/400,USA: UNITED STATES OF AMERICA,2JZGE: 3000CC 24-VALVE DOHC EFI,"MTM: MANUAL TRANSMISSION GEAR SHIFT TYPE: 5F: MTM, 5-SPEED FLOOR SHIFT",6P2,LD07
JT8CD32Z3V1000606,JT8CD32Z..,JZZ31L-ACMVFA,08/1996 -,08/1997,JZZ31,,N. America,06/1997,LEXUS,SC300/400,USA: UNITED STATES OF AMERICA,2JZGE: 3000CC 24-VALVE DOHC EFI,"MTM: MANUAL TRANSMISSION GEAR SHIFT TYPE: 5F: MTM, 5-SPEED FLOOR SHIFT",6P2,LD07
JT8CD32Z7V1000625,JT8CD32Z..,JZZ31L-ACMVFA,08/1996 -,08/1997,JZZ31,,N. America,06/1997,LEXUS,SC300/400,USA: UNITED STATES OF AMERICA,2JZGE: 3000CC 24-VALVE DOHC EFI,"MTM: MANUAL TRANSMISSION GEAR SHIFT TYPE: 5F: MTM, 5-SPEED FLOOR SHIFT",6P2,LD07
JT8CD32Z7V1000656,JT8CD32Z..,JZZ31L-ACMVFA,08/1996 -,08/1997,JZZ31,,N. America,06/1997,LEXUS,SC300/400,USA: UNITED STATES OF AMERICA,2JZGE: 3000CC 24-VALVE DOHC EFI,"MTM: MANUAL TRANSMISSION GEAR SHIFT TYPE: 5F: MTM, 5-SPEED FLOOR SHIFT",051,LD07
JT8CD32Z4V1000677,JT8CD32Z..,JZZ31L-ACMVFA,08/1996 -,08/1997,JZZ31,,N. America,06/1997,LEXUS,SC300/400,USA: UNITED STATES OF AMERICA,2JZGE: 3000CC 24-VALVE DOHC EFI,"MTM: MANUAL TRANSMISSION GEAR SHIFT TYPE: 5F: MTM, 5-SPEED FLOOR SHIFT",051,LD07
JT8CD32Z2V1000693,JT8CD32Z..,JZZ31L-ACMVFA,08/1996 -,08/1997,JZZ31,,N. America,06/1997,LEXUS,SC300/400,USA: UNITED STATES OF AMERICA,2JZGE: 3000CC 24-VALVE DOHC EFI,"MTM: MANUAL TRANSMISSION GEAR SHIFT TYPE: 5F: MTM, 5-SPEED FLOOR SHIFT",3L2,LD07
JT8CD32Z8V1000732,JT8CD32Z..,JZZ31L-ACMVFA,08/1996 -,08/1997,JZZ31,,N. America,06/1997,LEXUS,SC300/400,USA: UNITED STATES OF AMERICA,2JZGE: 3000CC 24-VALVE DOHC EFI,"MTM: MANUAL TRANSMISSION GEAR SHIFT TYPE: 5F: MTM, 5-SPEED FLOOR SHIFT",3L2,LD07
JT8CD32Z7V1000740,JT8CD32Z..,JZZ31L-ACMVFA,08/1996 -,08/1997,JZZ31,,N. America,06/1997,LEXUS,SC300/400,USA: UNITED STATES OF AMERICA,2JZGE: 3000CC 24-VALVE DOHC EFI,"MTM: MANUAL TRANSMISSION GEAR SHIFT TYPE: 5F: MTM, 5-SPEED FLOOR SHIFT",051,LD07
JT8CD32Z6V1000759,JT8CD32Z..,JZZ31L-ACMVFA,08/1996 -,08/1997,JZZ31,,N. America,06/1997,LEXUS,SC300/400,USA: UNITED STATES OF AMERICA,2JZGE: 3000CC 24-VALVE DOHC EFI,"MTM: MANUAL TRANSMISSION GEAR SHIFT TYPE: 5F: MTM, 5-SPEED FLOOR SHIFT",1A0,LD21
JT8CD32Z3V1000783,JT8CD32Z..,JZZ31L-ACMVFA,08/1996 -,08/1997,JZZ31,,N. America,06/1997,LEXUS,SC300/400,USA: UNITED STATES OF AMERICA,2JZGE: 3000CC 24-VALVE DOHC EFI,"MTM: MANUAL TRANSMISSION GEAR SHIFT TYPE: 5F: MTM, 5-SPEED FLOOR SHIFT",202,LD07
JT8CD32ZXV1000814,JT8CD32Z..,JZZ31L-ACMVFA,08/1996 -,08/1997,JZZ31,,N. America,07/1997,LEXUS,SC300/400,USA: UNITED STATES OF AMERICA,2JZGE: 3000CC 24-VALVE DOHC EFI,"MTM: MANUAL TRANSMISSION GEAR SHIFT TYPE: 5F: MTM, 5-SPEED FLOOR SHIFT",202,LD07
JT8CD32Z7V1000818,JT8CD32Z..,JZZ31L-ACMVFA,08/1996 -,08/1997,JZZ31,,N. America,07/1997,LEXUS,SC300/400,USA: UNITED STATES OF AMERICA,2JZGE: 3000CC 24-VALVE DOHC EFI,"MTM: MANUAL TRANSMISSION GEAR SHIFT TYPE: 5F: MTM, 5-SPEED FLOOR SHIFT",6P2,LD07
JT8CD32Z5V1000834,JT8CD32Z..,JZZ31L-ACMVFA,08/1996 -,08/1997,JZZ31,,N. America,07/1997,LEXUS,SC300/400,USA: UNITED STATES OF AMERICA,2JZGE: 3000CC 24-VALVE DOHC EFI,"MTM: MANUAL TRANSMISSION GEAR SHIFT TYPE: 5F: MTM, 5-SPEED FLOOR SHIFT",051,LD07
JT8CD32Z6V1000843,JT8CD32Z..,JZZ31L-ACMVFA,08/1996 -,08/1997,JZZ31,,N. America,07/1997,LEXUS,SC300/400,USA: UNITED STATES OF AMERICA,2JZGE: 3000CC 24-VALVE DOHC EFI,"MTM: MANUAL TRANSMISSION GEAR SHIFT TYPE: 5F: MTM, 5-SPEED FLOOR SHIFT",202,LD07
JT8CD32Z5V1000848,JT8CD32Z..,JZZ31L-ACMVFA,08/1996 -,08/1997,JZZ31,,N. America,07/1997,LEXUS,SC300/400,USA: UNITED STATES OF AMERICA,2JZGE: 3000CC 24-VALVE DOHC EFI,"MTM: MANUAL TRANSMISSION GEAR SHIFT TYPE: 5F: MTM, 5-SPEED FLOOR SHIFT",3L2,LD07
JT8CD32Z0V1000854,JT8CD32Z..,JZZ31L-ACMVFA,08/1996 -,08/1997,JZZ31,,N. America,07/1997,LEXUS,SC300/400,USA: UNITED STATES OF AMERICA,2JZGE: 3000CC 24-VALVE DOHC EFI,"MTM: MANUAL TRANSMISSION GEAR SHIFT TYPE: 5F: MTM, 5-SPEED FLOOR SHIFT",1A0,LD21
JT8CD32Z6V1000860,JT8CD32Z..,JZZ31L-ACMVFA,08/1996 -,08/1997,JZZ31,,N. America,07/1997,LEXUS,SC300/400,USA: UNITED STATES OF AMERICA,2JZGE: 3000CC 24-VALVE DOHC EFI,"MTM: MANUAL TRANSMISSION GEAR SHIFT TYPE: 5F: MTM, 5-SPEED FLOOR SHIFT",1A0,LD21
JT8CD32Z3V1000864,JT8CD32Z..,JZZ31L-ACMVFA,08/1996 -,08/1997,JZZ31,,N. America,07/1997,LEXUS,SC300/400,USA: UNITED STATES OF AMERICA,2JZGE: 3000CC 24-VALVE DOHC EFI,"MTM: MANUAL TRANSMISSION GEAR SHIFT TYPE: 5F: MTM, 5-SPEED FLOOR SHIFT",6P2,LD07
JT8CD32Z1V1000877,JT8CD32Z..,JZZ31L-ACMVFA,08/1996 -,08/1997,JZZ31,,N. America,07/1997,LEXUS,SC300/400,USA: UNITED STATES OF AMERICA,2JZGE: 3000CC 24-VALVE DOHC EFI,"MTM: MANUAL TRANSMISSION GEAR SHIFT TYPE: 5F: MTM, 5-SPEED FLOOR SHIFT",3L2,LD07
JT8CD32Z7V1000883,JT8CD32Z..,JZZ31L-ACMVFA,08/1996 -,08/1997,JZZ31,,N. America,07/1997,LEXUS,SC300/400,USA: UNITED STATES OF AMERICA,2JZGE: 3000CC 24-VALVE DOHC EFI,"MTM: MANUAL TRANSMISSION GEAR SHIFT TYPE: 5F: MTM, 5-SPEED FLOOR SHIFT",202,LD08
JT8CD32Z6V1000891,JT8CD32Z..,JZZ31L-ACMVFA,08/1996 -,08/1997,JZZ31,,N. America,07/1997,LEXUS,SC300/400,USA: UNITED STATES OF AMERICA,2JZGE: 3000CC 24-VALVE DOHC EFI,"MTM: MANUAL TRANSMISSION GEAR SHIFT TYPE: 5F: MTM, 5-SPEED FLOOR SHIFT",6P2,LD07
JT8CD32Z4V1000906,JT8CD32Z..,JZZ31L-ACMVFA,08/1996 -,08/1997,JZZ31,,N. America,07/1997,LEXUS,SC300/400,USA: UNITED STATES OF AMERICA,2JZGE: 3000CC 24-VALVE DOHC EFI,"MTM: MANUAL TRANSMISSION GEAR SHIFT TYPE: 5F: MTM, 5-SPEED FLOOR SHIFT",051,LD07
JT8CD32Z3V1000931,JT8CD32Z..,JZZ31L-ACMVFA,08/1996 -,08/1997,JZZ31,,N. America,07/1997,LEXUS,SC300/400,USA: UNITED STATES OF AMERICA,2JZGE: 3000CC 24-VALVE DOHC EFI,"MTM: MANUAL TRANSMISSION GEAR SHIFT TYPE: 5F: MTM, 5-SPEED FLOOR SHIFT",051,LD07
JT8CD32Z0V1000935,JT8CD32Z..,JZZ31L-ACMVFA,08/1996 -,08/1997,JZZ31,,N. America,07/1997,LEXUS,SC300/400,USA: UNITED STATES OF AMERICA,2JZGE: 3000CC 24-VALVE DOHC EFI,"MTM: MANUAL TRANSMISSION GEAR SHIFT TYPE: 5F: MTM, 5-SPEED FLOOR SHIFT",202,LD07
JT8CD32Z7V1000950,JT8CD32Z..,JZZ31L-ACMVFA,08/1996 -,08/1997,JZZ31,,N. America,07/1997,LEXUS,SC300/400,USA: UNITED STATES OF AMERICA,2JZGE: 3000CC 24-VALVE DOHC EFI,"MTM: MANUAL TRANSMISSION GEAR SHIFT TYPE: 5F: MTM, 5-SPEED FLOOR SHIFT",3L2,LD07
JT8CD32Z6V1000969,JT8CD32Z..,JZZ31L-ACMVFA,08/1996 -,08/1997,JZZ31,,N. America,07/1997,LEXUS,SC300/400,USA: UNITED STATES OF AMERICA,2JZGE: 3000CC 24-VALVE DOHC EFI,"MTM: MANUAL TRANSMISSION GEAR SHIFT TYPE: 5F: MTM, 5-SPEED FLOOR SHIFT",6P2,LD07
JT8CD32Z7V1001158,JT8CD32Z..,JZZ31L-ACMVFA,08/1996 -,08/1997,JZZ31,,N. America,08/1997,LEXUS,SC300/400,USA: UNITED STATES OF AMERICA,2JZGE: 3000CC 24-VALVE DOHC EFI,"MTM: MANUAL TRANSMISSION GEAR SHIFT TYPE: 5F: MTM, 5-SPEED FLOOR SHIFT",202,LD07
JT8CD32Z6V1001183,JT8CD32Z..,JZZ31L-ACMVFA,08/1996 -,08/1997,JZZ31,,N. America,08/1997,LEXUS,SC300/400,USA: UNITED STATES OF AMERICA,2JZGE: 3000CC 24-VALVE DOHC EFI,"MTM: MANUAL TRANSMISSION GEAR SHIFT TYPE: 5F: MTM, 5-SPEED FLOOR SHIFT",3L2,LD07
JT8CD32Z9V1001212,JT8CD32Z..,JZZ31L-ACMVFA,08/1996 -,08/1997,JZZ31,,N. America,08/1997,LEXUS,SC300/400,USA: UNITED STATES OF AMERICA,2JZGE: 3000CC 24-VALVE DOHC EFI,"MTM: MANUAL TRANSMISSION GEAR SHIFT TYPE: 5F: MTM, 5-SPEED FLOOR SHIFT",202,LD07
JT8CD32Z8V1001220,JT8CD32Z..,JZZ31L-ACMVFA,08/1996 -,08/1997,JZZ31,,N. America,08/1997,LEXUS,SC300/400,USA: UNITED STATES OF AMERICA,2JZGE: 3000CC 24-VALVE DOHC EFI,"MTM: MANUAL TRANSMISSION GEAR SHIFT TYPE: 5F: MTM, 5-SPEED FLOOR SHIFT",202,LD21
JT8CD32Z4V1001246,JT8CD32Z..,JZZ31L-ACMVFA,08/1996 -,08/1997,JZZ31,,N. America,08/1997,LEXUS,SC300/400,USA: UNITED STATES OF AMERICA,2JZGE: 3000CC 24-VALVE DOHC EFI,"MTM: MANUAL TRANSMISSION GEAR SHIFT TYPE: 5F: MTM, 5-SPEED FLOOR SHIFT",202,LD07
JT8CD32Z9V1001274,JT8CD32Z..,JZZ31L-ACMVFA,08/1996 -,08/1997,JZZ31,,N. America,08/1997,LEXUS,SC300/400,USA: UNITED STATES OF AMERICA,2JZGE: 3000CC 24-VALVE DOHC EFI,"MTM: MANUAL TRANSMISSION GEAR SHIFT TYPE: 5F: MTM, 5-SPEED FLOOR SHIFT",202,LD21
JT8CD32Z7V1001287,JT8CD32Z..,JZZ31L-ACMVFA,08/1996 -,08/1997,JZZ31,,N. America,08/1997,LEXUS,SC300/400,USA: UNITED STATES OF AMERICA,2JZGE: 3000CC 24-VALVE DOHC EFI,"MTM: MANUAL TRANSMISSION GEAR SHIFT TYPE: 5F: MTM, 5-SPEED FLOOR SHIFT",051,LD07
JT8CD32Z6V1001314,JT8CD32Z..,JZZ31L-ACMVFA,08/1996 -,08/1997,JZZ31,,N. America,08/1997,LEXUS,SC300/400,USA: UNITED STATES OF AMERICA,2JZGE: 3000CC 24-VALVE DOHC EFI,"MTM: MANUAL TRANSMISSION GEAR SHIFT TYPE: 5F: MTM, 5-SPEED FLOOR SHIFT",051,LD07
JT8CD32Z9V1001324,JT8CD32Z..,JZZ31L-ACMVFA,08/1996 -,08/1997,JZZ31,,N. America,08/1997,LEXUS,SC300/400,USA: UNITED STATES OF AMERICA,2JZGE: 3000CC 24-VALVE DOHC EFI,"MTM: MANUAL TRANSMISSION GEAR SHIFT TYPE: 5F: MTM, 5-SPEED FLOOR SHIFT",1A0,LD21
JT8CD32Z6V1001345,JT8CD32Z..,JZZ31L-ACMVFA,08/1996 -,08/1997,JZZ31,,N. America,08/1997,LEXUS,SC300/400,USA: UNITED STATES OF AMERICA,2JZGE: 3000CC 24-VALVE DOHC EFI,"MTM: MANUAL TRANSMISSION GEAR SHIFT TYPE: 5F: MTM, 5-SPEED FLOOR SHIFT",1A0,LD21
JT8CD32Z1V1001365,JT8CD32Z..,JZZ31L-ACMVFA,08/1996 -,08/1997,JZZ31,,N. America,08/1997,LEXUS,SC300/400,USA: UNITED STATES OF AMERICA,2JZGE: 3000CC 24-VALVE DOHC EFI,"MTM: MANUAL TRANSMISSION GEAR SHIFT TYPE: 5F: MTM, 5-SPEED FLOOR SHIFT",3L2,LD07
